/*
Navicat MySQL Data Transfer

Source Server         : project
Source Server Version : 50729
Source Host           : localhost:3306
Source Database       : wms

Target Server Type    : MYSQL
Target Server Version : 50729
File Encoding         : 65001

Date: 2020-07-06 14:07:48
*/

SET FOREIGN_KEY_CHECKS=0;

-- ----------------------------
-- Table structure for act_evt_log
-- ----------------------------
DROP TABLE IF EXISTS `act_evt_log`;
CREATE TABLE `act_evt_log` (
  `LOG_NR_` bigint(20) NOT NULL AUTO_INCREMENT,
  `TYPE_` varchar(64) COLLATE utf8_bin DEFAULT NULL,
  `PROC_DEF_ID_` varchar(64) COLLATE utf8_bin DEFAULT NULL,
  `PROC_INST_ID_` varchar(64) COLLATE utf8_bin DEFAULT NULL,
  `EXECUTION_ID_` varchar(64) COLLATE utf8_bin DEFAULT NULL,
  `TASK_ID_` varchar(64) COLLATE utf8_bin DEFAULT NULL,
  `TIME_STAMP_` timestamp(3) NOT NULL DEFAULT CURRENT_TIMESTAMP(3) ON UPDATE CURRENT_TIMESTAMP(3),
  `USER_ID_` varchar(255) COLLATE utf8_bin DEFAULT NULL,
  `DATA_` longblob,
  `LOCK_OWNER_` varchar(255) COLLATE utf8_bin DEFAULT NULL,
  `LOCK_TIME_` timestamp(3) NULL DEFAULT NULL,
  `IS_PROCESSED_` tinyint(4) DEFAULT '0',
  PRIMARY KEY (`LOG_NR_`)
) ENGINE=InnoDB DEFAULT CHARSET=utf8 COLLATE=utf8_bin;

-- ----------------------------
-- Records of act_evt_log
-- ----------------------------

-- ----------------------------
-- Table structure for act_ge_bytearray
-- ----------------------------
DROP TABLE IF EXISTS `act_ge_bytearray`;
CREATE TABLE `act_ge_bytearray` (
  `ID_` varchar(64) COLLATE utf8_bin NOT NULL,
  `REV_` int(11) DEFAULT NULL,
  `NAME_` varchar(255) COLLATE utf8_bin DEFAULT NULL,
  `DEPLOYMENT_ID_` varchar(64) COLLATE utf8_bin DEFAULT NULL,
  `BYTES_` longblob,
  `GENERATED_` tinyint(4) DEFAULT NULL,
  PRIMARY KEY (`ID_`),
  KEY `ACT_FK_BYTEARR_DEPL` (`DEPLOYMENT_ID_`),
  CONSTRAINT `ACT_FK_BYTEARR_DEPL` FOREIGN KEY (`DEPLOYMENT_ID_`) REFERENCES `act_re_deployment` (`ID_`)
) ENGINE=InnoDB DEFAULT CHARSET=utf8 COLLATE=utf8_bin;

-- ----------------------------
-- Records of act_ge_bytearray
-- ----------------------------
INSERT INTO `act_ge_bytearray` VALUES ('2', '1', 'LeaveBill/LeaveBill.png', '1', 0x89504E470D0A1A0A0000000D494844520000026E0000018608020000004D359A3600002EA549444154789CEDDD7D6C5BD77DFF7121B5672658100DEB6A6D681B76FB2304BAD9445BC0FE6BA65D34E2806D25B020D6FA874B2068E2A0586A145BAB6C483C2CF1F41BDA4C18BAC07DCA880DDE38144A0834C9B426CE34CF76B5D896E5B84E18C76EE8DA4E993876E859B6AF254A3ABF2332BEA2F97075F978CE977CBFF08540499797E73E9CEF479712A93E0500009AD0677A000000C846940200D014A2140080A610A500003485280500A029442900004D214A0100680A510A004053885200009A42940200D014A2140080A610A500003485280500A029442900004D214A0100680A510A004053885200009A42940200D014A2140080A610A500003485280500A029442900004D214A0100680A510A004053885200009A42940200D014A2140080A610A500003485280500A02944292CE5384E2A95DAB973672C168BDC148D46F55792C9642E97333D4000F810510AEBE804D5911908047488EAE01C1B7BF6E5BDAF14EBF9175E7CECB1C7878686FAFBFB376EDC9848244C0F16008852D8647A7A5A5F7AEA04D59139979FF7AEFD070E6EDBF6E570383C3131617AE0007A1A510A5B8C8C8CE85CD4979E2B8668691D3E32B569D3A6EDDBB73B8E637A0B00F428A214E6E9141C1A1A1A1E1EAE2B444BEB1F9F7E5A5FCE66B359D39B02A01711A5304CE7E8C68D1B93C964C339EA3EDFABD793C9644C6F10809E4394C2307D3DDA7C8EBA4FF6EA34E5995E001D4694C2A4919191669ED7ADACB1B16763B198E9CD02D05B885218333D3D1D0E875B98A3C57AF0C18776EFDE6D7AE300F410A214C6E81C3D7C64AAE5517AF6DCF9BBEF0EF2342F808E214A61462A958AC5622DCFD1623DF2C8D74647474D6F22805E4194C28C482452EF4B48EBBA301D181830BD89007A05510A0372B95C7F7F7F9B72B4581B366C989C9C34BDA1007A02510A031289443C1E6F6B943EB96BD7F0F0B0E90D05D013885218B07DFBF6DDBB77B7354A5FDEFB4A241231BDA1007A02510A03A2D1A89F37AC6FA64E9D3E7DF7DD41D31B0AA02710A530A04D2F8329AD2B3357038180E90D05D01388521830303070F6DCF9B646A9AEBE3E4E6F009D40AF8101A150E867274E10A500BA03BD0606B4F545A5FCAE14408711A530201E8FFFF09967DA1AA5FB0F1CDCB06183E90D05D013885218303A3AFAC8235F6B6B94EAA8DEB6EDCBA63714404F204A614026930906836D8DD2C1C1C1F1F171D31B0AA02710A530A3AD7F797465E66A7F7F3FFF1C06406710A530A3ADCFF17EFBA9A7F4CA4D6F22805E4194C20C7DC9180C06DBF1EA527D497AF7DDC16C366B7A1301F40AA214C62493C9FBB76EE59214807444294CFAE32F7E716CECD916E6E8CF4E9C58BF7EBDBE3035BD65007A08510A9372B9DC860D1B5AF5F74717DEBFA873F4D4E9D3A6370B406F214A61583A9DD669AAF3AFF91CD5D7B8CFBFF0A2E90D02D073885298373D3DADAF26F71F38D8CCF3BA3A8FC951004610A5B0422E97DBB469D3638F3DAE2F2EEB0AD12B3357BFFDD453C567894D6F04801E4594C2168EE3E828BDE79E908E461D907E72F487CF3CA3977FE491AFE900363D7C00BD8B28855DB2D9EC8E1D3BFAFBFBFFF88B5FD44959F91FC2F557F6ECF9D7FBB76ED5CB6CDBF6E54C26637AC8007A1D510A1BE92BD4542A158FC7D7AF5FDF772BFD159DA3C9643297CB991E26002C214A21838E55D3430080EA8852C8A0AF474D0F0100AAA33D4106A21480B5684F90812805602DDA1364204A01588BF60419885200D6A23D4106A21480B5684F90812805602DDA1364204A01588BF60419885200D6A23D4106A21480B5684F90812805602DDA1364204A01588BF60419885200D6A23D4106A21480B5684F90812805602DDA13EC954C2675820602817038AC6F0C0C0CE88F77DC71473A9D363D3400584694C25ECF3DF75C5F85CD9B37A75229D3430380654429ECE538CE9A356B4A7374DDBA75FADA3497CB991E1A002C234A61B5471F7D74D5AA556E943EFCF0C3C3C3C3A6070500B7204A61BBB56BD7167374EBD6ADC160505FAA9A1E1100DC822885EDF6EDDBB77AF56A1DA5D16894DF9202B010510A01B66CD9528C52D30301802A88520890CD667594F21A180076224A21036FD100C05AB42778711C27994C0E0D0D452291603058F92ACF1EA1B75DEF81582C96482478290E803244296A1A1F1FD711A27374CF9E3D2FEFDD7BEAF4E9B97CBE374B6FBBDE03636363DBB66DD3FB4407AAE98303C0224429AAD0175EF1787C7070F0ECB9B373F939AAB42EBC7F4107AADE39D96CD6F481026005A214E5748E86C3E11F3EF383B9FC2C55AB9E7FE1F90D1B36643219D3870B80794429CAE9EBD1428EDEA0BCEBE5BD2F6DDAF4FBA60F1700F38852DC627C7C7C70F0DEFCBC43F9A96F7CF3CF77ED7AC2F441036018518A658EE30483C173E733F9F9EB949F9AB9FAC1FAF5EB78C12BD0E388522C4B2412F1783C3F7FCDADCDD13FF4F97291D27BF554EDDAF537BCC33ED0E388522C8BC56263CFFEFB728EDE3BF84BA5CE2CA8B7F2EAF559756C561D9E991F7DF6959F9CBFFCEA9CFA5F47BDEAA8FDD7D44B37D43FEC3FFEE0F6878CA79A913A3235190E874D1F3A002611A558160A854E9C389A9FBF5A2C7DAD39A3D4D54575795E5D9A53D794FAFA5F3EDE77DBAF6EBC37763EAFCECEAAB33754C651A7E6D58F7E7AAC70617AB5076BE6EAC5402060FAD001308928C5B2FEFEFEF72F9ECFCFCF144BA7E3B50535BBB0F4ADF9C5A58F3F7EF13F7FEB777EF7AF9EFCF6BC5257E6D5E5BCBA945739A55E3AF45A214A677AB3FA785343A0B7D102B0AC108757DCD29F5E9D5717AFABB9850F17C8E5727FFF9DEF3EF1ADEF9C7D67E9DD09F28B6AAE10B1078F1C2BBB6F4F15510AF4385A009615E2F0FFDC5A8AD20575E19A7A7746E5959A9B9D0DDD734F5FDF47FAFA02F7FDE9B6D23B1E9E3A5A76DF9E2AA214E871B4002C2BC4E165B78A4FF0EAABD277AEA8F76EA8C3277EBE76EDDA8FACFA95DBEFFAE8D0976E89D24347A6CAEEDB534594023D8E1680658538CCB9A53FBDBEA82E394B57A5176EA8BD87D2BFB7FEB31FFD8D8FDDD5FF6BDFFDE71FDD506A66565D9B5DBAE3FEC94365F7EDA9224A811E470BC0321D09F3F31FB8554C089DA697F3EA83397D6D9A3F783CB3FE339FDBFC853F786F56BDEBA8F71C757156E930DDFFEAA1B2FBF65411A5408FA3056059591C46366F7AED8DB70E1F4F4F4EA70F4CA50F1C3D79F0B5D3FFF5EAEB3F3DFEF6BEA993FF33F5E681A36F4E1E3B79FCAD5F3CFDBD67EEDF7ABFF148234A0118410BC0B242945E2AADAF7EF5213F6F75F427F7DD5776C79E2AA214E871B4002C2B44E945AADE224A811E470BC0B2A5285D789FAAB78852A0C7D102B0AC10A517A87A8B28057A1C2D00CB0A51FA1E556F11A5408FA3056059214ADFA5EA2DA214E871B4809E934C2633994CD56F15A2344BD55BB5A2D4635703E82644696F3979F264F1E52B77DE79E7D8D858D97789D29644692E97FBD297BE54DCCFBFF99BBF499A025D8F28ED2D8EE3DC76DB6DC52EBF7AF5EA4F7FFAD3A58DBE10A5BF6C47B96B2E7B41AAC7923E57E8FDC5F66D51D9A3B8FB70F7EEDD8140A0B875FAC6C0C040369B3570A401741051DA7374732F0DB3DB6FBFFD81071ED011AB0A51BAB0F04E3BCA5D73E943D47A383FC3F0BE6FADB79268DFD6E9BD974EA77FFBB77FBBF4E1366EDC180C064D1F70006D273B4A75004C4C4CECDCB9337293EE5C5EEFCA83952C2C9C6F47B96BAEFA703E47D5C0B0DBB745658FA2CFBD86F77967E8A9E14E133D65C6C7C773B99CE9190C7409A951AA1334168B050281625F98B849C4EFA5CC0EFEAEBBEE72DB6BAC400F435F51A90FAF4ACFB5B62A7B7AE9B7EA5DD58AB7FD3C6E3BB651EF3D7DF83EFFF9CF7FE2139F701FF1CE3BEF0C87C31D38A67EE8E1B9679A3EEBA2D1687F7FBF3EF4A954CAF4D000F1E44569369B2DFE642DB105181FBCBE102976F95028F495AF7C457F4C2693EE770B7973B61DE5AEB922DEAA2F5676DBFBBB652BAF7597F6555FC9EF4AF5D5DEDD77DFFDF18F7FBC3898356BD6149F3CB753F1A73A9DF7C59FA50034465894EA3EA5BBBF9EFFA607D2081B067FE6CC197D35ACAF4882C1E0F0F070D9537C85E0F9453BCACF9A2B9729FB8AC7B39765775971B1966F5DE96ED4D9A92FFB3EF9C94FEA88D21FA7A7A73B7B90EBA647A8875AFA431580BA488A527D25A7AFE784FE82C79EC1EB91241289AA4F26B7356C6A855C5904568662D5645DF176650CB769D32AA3B448EF61BD9FA53C77A2E37F6868480FD8F4400091C444A96E4CFA07671BA2A80152065FC89B33ADAD92C8BCE58B1ECBD75AA0F48B2BDEAE96D92DDEB4D207357DE85A40A7A9FE696F7272D2F4400079C4B4808D1B37CA9DE45206BF94378B997694BBE6E28DE578F35CB8F2EB359FB9ADF1402BAEB3555B67FAD0B586FE992F140AD9FCCB5DC04E325A402A958AC562A647D12041832FE4CDDBED2877CDC51B1E0FE4B140E91757BC5D2D6EDBB269C5C7327DE85A66C78E1DA3A3A3A647010823A30544A3D1F1F171D3A36890A0C117F2E6E7ED2877CDC51B551FE866E055FFB4D60A6BADA46C81F66D5A71E5A60F5DCBA4D3697D616A7A148030025A40369B1D1818303D8A06C91A7C216F4EB7BC6EC6DB69F7E3AD178BCB0B78DCB7F2EBB596AF5CC063FDADDA40D387AE95A4FC3E02B087801620E809D24AB2065FC89B5354BDD56551CA73BC40BD04B400D1135BD6E00B51FA16556F755994CAFAF90FB081801610894484BE2783923678A2942855FCBA14A89F801620FA3737B206AF236171F124556F755994663219FEA10D5017012D40CF6A116F525F95ACC117A2F44DAADEEAB228558533C1F4100049044C98FEFE7EFBDF27A81659832F44699AAAB7BA2F78BA6F8B80B612306144CF6A59832F44E91B54BD25EB28FBD17D5B04B4958009237A56CB1A7C2010B87EFDE8E2E2EB545D25EB28FBD17D5B04B4958009237A56CB1A7C30187CFBED9F2C2E9EA0EA2A5947D98FEEDB22A0AD044C18D1B35AD6E0A3D1E87F8CEF5E543FA3FCD71BE91F77DF4B47649DB7807102268CE8592D6BF0232323C3C30F180F2759F54F8927E3F1B8E943D762B2CE5BC038011346F4AC9635F8C2FFD8FAD475E7F0A23A4EF9AC586C8B94FFEFED9FACF316304EC084113DABC50D7EE792ED8BEA35CA4FFD5BF2EF8686A2A60F5AEB893B6F01B3044C18D1B35ADCE01DC789443E3739F92F4A1DA3BC2B9BDDAB2FE273B9FDA60F5AEB893B6F01B3044C18D1B35AE2E0D3E974387C4F3A9D526A9AAA553A47F5CF1C13133F307DB8DA42E2790B182460C2889ED542073F3939A9D37464E4CF943A4A55562AF55428149C98F8BEE903D52E42CF5BC014011346F4AC963B78C7718687E391C8671389BFCE665F526A8ACAE5FE3B99FCDBA1A1C1582CA26F9B3E446D24F7BC058C10306144CF6AD183D7262626E2F13F1A18F8F53EF4F5F5F7DF393474AF4E53D387A5EDFA849FB74087099830A267B5E8C15BA5FB5EBB6933CE5BA02E02268CE8592D7AF056614F76127B1BA88B8009237A568B1EBC55D8939DC4DE06EA2260C2889ED5A2076F15F66427B1B781BA089830A267B5E8C15B853DD949EC6DA02E02268CE8592D7AF056614F76127B1BA88B8009237A568B1E7CF3DCCD2F7B5589C7922BAE0A1DC0DE06EA2260C2889ED5A207DFBCD228ADFC62AD851BF82E5A8BBD0DD445C084113DAB450FBE79DE57A52BBE2542D555A103D8DB405D044C18D1B35AF4E09BE1918B8DED939EDD9346B0B781BA089830A267B5E8C137CFE7EF4A9B7FFA17ADC5DE06EA2260C2889ED5A207DF3C3F9BEF9DAC75AD0AADC2DE06EA2260C2889ED5A207DF3CF71AB4D6F3BDEE774BEFA27CE72BDA84BD0DD445C084113DAB450FBE19F5FEE950AD04F5735F946AFED7D2CDDC11E84D02268CE8592D7AF0CDABBCFAACFABBD2B2851BF86ECFF2F8C3AEB2AF78A8BADA0E0C1EE81A02268CE8592D7AF0CDF37822B7EA925C9536CCFB09807A772C7B1BA88B8009237A568B1E7CF3FC4469E51595FB693299D4B7038140381CD637060606F4C73BEEB8239D4EB77FEC62F8F97D33510AB4958009237A568B1E7C93DC502C7B76B7F4EB1E4FF66ACF3DF75CE5B3919B376F4EA5529DDC10CB950567D5042DBD51F6BC2E510A344FC084113DAB450FDE38C771D6AC5953DAFDD7AD5BA7AF4D73B99CE9A15964C5E7C6558D4C2DBB517579007E089830A267B5E8C1DBE0D1471F5DB56A951BA50F3FFCF0F0F0B0E941D9A5F25ABFF45BFE6F94ADB37D0306BA8F8009237A568B1EBC25D6AE5D5BCC89AD5BB70683417DA96A7A4496F219A53CC10BB49C8009237A568B1EBC25F6EDDBB77AF56ABD27A3D128BF25ADAAEAAF4BAB666AADFBFAF922805A044C18D1B35AF4E0EDB165CB9662949A1E88756A5D5F969D784429D05602268CE8592D7AF0F6C866B37A4FF21A186FDE57A51E3C5605C00F011346F4AC163D78ABB0273D94FECD91F7EF4AABDED7E71701D42260C2889ED5A207AF0A2F47492693434343914824180C7A5FDC7431BDED7A0FC462B14422D10B2FC5E9137EDE021D2660C2889ED5A2073F3E3EAE2344E7E89E3D7B5EDEBBF7D4E9D373F97C6F96DE76BD07C6C6C6B66DDBA6F7890E54D307A7BD449FB740E7099830A267B5D0C1EB0BAF783C3E383878F6DCD9B9FC1C555A17DEBFA00355EF9C6C366BFA40B58BD0F3163045C084113DAB250E5EE768381CFEE1333F98CBCF52B5EAF9179EDFB061432693317DB8DA42E2790B182460C2889ED51207AFAF470B397A83F2AE97F7BEB469D3EF9B3E5C6D21F1BC050C12306144CF6A71831F1F1F1F1CBC373FEF507EEA1BDFFCF35DBB9E307DD05A4FDC790B982560C2889ED5B206EF384E30183C773E939FBF4EF9A999AB1FAC5FBFAEFB5EF02AEBBC058C13306144CF6A59834F2412F1783C3F7FCDADCDD13FF4F97291D27BF554EDDAF537DDF70EFBB2CE5BC038011346F4AC9635F8582C36F6ECBF2FE7E8BD83BF54EACC827A2BAF5E9F55C766D5E199F9D1675FF9C9F9CBAFCEA9FF75D4AB8EDA7F4DBD7443FDC3FEE30F6E7FC878AA19A9235393E170D8F4A16B3159E72D609C8009237A56CB1A7C28143A71E2687EFE6AB1F4E06794BABAA82ECFAB4B73EA9A525FFFCBC7FB6EFBD58DF7C6CEE7D5D95975F686CA38EAD4BCFAD14F8F152E4CAFF660CD5CBD1808044C1FBA169375DE02C6099830A267B5ACC1F7F7F7BF7FF17C7E7EA6587AF0D716D4ECC2D2B7E617973EFEF8C5FFFCADDFF9DDBF7AF2DBF34A5D995797F3EA525EE5947AE9D06B85289DE9CD927594FDE8BE2D02DA4AC084113DAB650DBE108757DCD29F5E9D5717AFABB9850F17C8E5727FFF9DEF3EF1ADEF9C7D67E9DD09F28B6AAE10B1078F1C2BBB6F4F95ACA3EC47F76D11D05602268CE8592D6BF08538FC3FB796A274415DB8A6DE9D5179A5E6666743F7DCD3D7F791BEBEC07D7FBAADF48E87A78E96DDB7A74AD651F6A3FBB608682B011346F4AC9635F8421C5E76ABF804AFBE2A7DE78A7AEF863A7CE2E76BD7AEFDC8AA5FB9FDAE8F0E7DE996283D7464AAECBE3D55B28EB21FDDB745405B099830A267B5ACC117E230E796FEF4FAA2BAE42C5D955EB8A1F61E4AFFDEFACF7EF4373E7657FFAF7DF79F7F7443A99959756D76E98EFB270F95DDB7A74AD6515E51369B1D1818303D0A4012012D40749F9235783DDAF9F90FDC2A0E5EA7E9E5BCFA604E5F9BE60F1ECFACFFCCE7367FE10FDE9B55EF3AEA3D475D9C553A4CF7BF7AA8ECBE3D55B28EF28A32994C3018343D0A4012012D40749F9235F8B2388C6CDEF4DA1B6F1D3E9E9E9C4E1F984A1F387AF2E06BA7FFEBD5D77F7AFCED7D5327FF67EACD0347DF9C3C76F2F85BBF78FA7BCFDCBFF57EE3914694B6C4F8F878341A353D0A4012012D40749F9235F842945E2AADAF7EF5213F6F75F427F7DD5776C79E2A594779453B0B4C8F029044400B10DDA7640DBE10A517A97A4BD6515E91BE24D517A6A647014822A00588EE53B206BF14A50BEF53F596ACA3EC2D9BCD068341C7714C0F049044400B10DDA7640DBE10A517A87A4BD651F6363A3ABA63C70ED3A3008411D00244F72959832F44E97B54BD25EB287B28FE973D7D616A7A208030025A80E83E256BF085287D97AAB7641D650FF1783C9148981E05208F801620BA4FC91A7C214AB354BD25EB28D7323A3ABA7DFB76D3A3004412D00244F7295983274A7B334A1DC7D1D7A3E428D030012D40749F9235F84294FEB26AD5FA96FBF5CA1B8D95F7DDFDAC7CC5653C5E20DBF0984D1FBA06E572397D311A0C06795E176886801620B74F296983D7A35D5878A7582BBE2D83BB58AD1B55ABEA4ACA16F0BE7BD5B1D55A83F798BD1F7AC5A1962E69FAD0D567626262646424168BE910DDB163077F67043449400B10D7A74AC91A7C2130CE17ABF47665B9DFF573A3EC8E25E1E4B566EF6F79DF2E5B49E5A7B57F3EA86FB4EE629148C463B5B6D1A31D1E1E4EA552FAAAD4F449077403018DBE4F541A959135F8BEA5C03857B5AA7ECB6DCDA50B54DEA87517FF0F54B9DAD2C5AA3EA2C7303C1EBD81011797317DE8009824A00588EE53B2065F088CB36E795CD6942E53B970E9D7CBAAECEEB516A87CACCA4FCB6E780FA9EA7DAB3E7A6363367DE8009824A00588EE53B2065F088C5FB855FAE98AB74B6F94ADA76C9D1EDF2D5BB9C777CB1EAED6C83D865DFBA78446C66CFAD0013049400B30DBA74A1FBD8191C86AB29581B462DEB89F564DAFD64669AD5C743FAD1C64E5C7068A2805E04D400BE8649F2A6DC4650328FB8A0753836F5E2130CEB855FA69D5DB3733A6FC8BA52B29ABD2BBD45AC0E38EEEDDCBD653792F77B1B28FF53EAECF319B3E74004C12D0028CF429EF44F41892F8285DCCB8E5F1E342E932B56E54ADCA35542EE071F7B2C54A3F565D49E5621E1B5575602B0EB8B88CE94307C024012DA0C37DAAAFDA3568D5AF78DCDDCF92162A04C6DB6E957EBAE2EDE28D9BA953BE58E9F225E154FEDD5AF7AABC7BADE5DD6178AFD3CF57FC8CD65DCCF4A1036092801660364AAB2668E90D57E5F2959F5AAE10183FAF5AB5BEE57EFD66DEDCF295AACBDF9A4F753C50E59ACB1EB1EA1AAA2EB3E2BDFC0CB57449D3870E8049025A80F1ABD25ACB78DFA8FAA9E50A8171BA6A55FDD6CD8C295FA0247EAAAFADEA7A3C541D49D923D6BB4CC3A3ADBA06D3870E8049025A40E7A3D4A57C5C95D6BA51F553CB15E2E414556FC93ACA005A4E400B30D5A77C466969EEAA6E88D2B7A87A4BD65106D072025A40E7FB5459887A646AADFBFA59D2424429510AA001025A4027FB54ADEB4BFF01293D4A17174F52F596ACA30CA0E504B400B34FF0AA1A57A51EAAAE44844294BE49D55BB28E32809613D0028C3CC1EBC6A7F7EF4AABDED7E353CB15A2344DD55BB28E32809613D00244F72959832F44E91B54BD25EB28036839012D40749F9235F8402070FDFAD1C5C5D7A9BA4AD65106D072025A80E83E256BF0C160F0EDB77FB2B87882AAAB641D65002D27A00588EE53B2061F8D46FF637CF7A2FA19E5BFDE48FF38140A993E74004C12D0E865A5511959831F1919191E7EC07838C9AA7F4A3C198FC74D1F3A00260968F4B2D2A88CACC167329950E853D79DC38BEA38E5B362B12DA954CAF4A103609280462F2B8DCA881BFCCE25DB17D56B949FFAB7E4DF0D0D454D1F3400860968F4E2D2A894B8C13B8E13897C6E72F25F943A46795736BB575FC4E772FB4D1F3400860968F4E2D2A894C4C1A7D3E970F89E743AA5D43455AB748EEA9F3926267E60FA7001304F40A39798462EA1839F9C9CD4693A32F2674A1DA52A2B957A2A140A4E4C7CDFF481026005018D5E681A15C91DBCE338C3C3F148E4B389C45F67B32F293545E572FF9D4CFEEDD0D0602C16D1B74D1F2200B610D0E8E5A691123E786D6262221EFFA381815FF77E07FF1ED1DF7FE7D0D0BD3A4D4D1F16007611D0E8FB24A791E8C15B85D76E02B09680462F3A8D440FDE2AEC4900D612D09E44F750D183B70A7B1280B504B427D13D54F4E0ADC29E04602D01ED49740F153D78ABB02701584B407B12DD43450FDE2AEC4900D66A6F7BAA6C7F1E0DB1D6B744F750D1836F9F06760B7B1280B5DADE9ECA3AA07743ACFA5DD13D54F4E0FDF37E39E68ACBF87C88766E010034AED3EDA9325957ECC2A27BA8E8C1FBE7FFC986D24FEBDA393DB2270148D4C6F6B4E2A549D9C21EEB69DF20DB4DF4E0FD737FE8A9F593909F9F99FC3C040058A8A3BF2B2D0D548FC55413D72EB6113D78FF7CFE24E47DA01B7E080030AB73515A768D52FA75EF2B15D13D54F4E0FD5BF1AAD45DAC81EBD1D28700000BB53D4AABE6A29FCB50A25490AA87B56A9456BDA3FF8700000B75E8AAB48128ADF5A92CA207EF9FFF28E5AA1440F7311CA51ECFEE567D86501CD183F7CF3D523E0F5F03BBA547F62400893A1DA5CA476FE5AA541C8FCDF4F8296AC5FBFA7C080030CB8A2778EBFA5416D183F7AF8128F5F862BD0F010066B5F775A5EE0D8FBF4059F14F5144F750D183F7AFD6330DB50E7D03CFE1F7C89E04209180F624BA878A1EBC55D89300AC25A03D89EEA1A2076F15F624006B09684FA27BA8E8C15B853D09C05A02DA93E81E2A7AF056614F02B09680F624BA878A1EBC55D89300AC25A03D89EEA1A2076F15F624006B09684FA27BA8E8C15B853D09C05A02DA93E81E2A7AF056614F02B09680F624BA878A1EBC71C96452EFC04020100E87F58D818101FDF18E3BEE48A7D3A6870600CB04347AD169247AF0C63DF7DC73956F91BF79F3E6542A657A6800B04C40A3179D46A2076F9CE3386BD6AC29CDD175EBD6E96BD35C2E677A6800B04C40A3179D46A2076F83471F7D74D5AA556E943EFCF0C3C3C3C3A6070500B710D0E845A791E8C15B62EDDAB5C51CDDBA756B3018D497AAA6470400B710D0E845A791E8C15B62DFBE7DAB57AFD67B321A8DF25B52001612D0E845A791E8C1DB63CB962DC528353D1000A84240A3179D46A2076F8F6C36ABF724AF81016027018D5E741A891EBC55D89300AC25A03D89EEA1D60EDE719C643239343414894482C160E5CB37D100BD27F5FE8CC56289448257EC00BDC3D2465FAACFD634F2C3CEC18F8F8FEBA6AF7374CF9E3D2FEFDD7BEAF4E9B97C9E6ABEF49ED4FB736C6C6CDBB66D7A0FEB40357DA80174828D8DBE8C9D69E4936D83D7974AF1787C7070F0ECB9B373F939AA7D75E1FD0B3A50F5AECE66B3A60F3B80F6B2ABD157655B1AD5C5AAC1EB1C0D87C33F7CE60773F959AA33F5FC0BCF6FD8B02193C9983EF800DAC8A2465F8B5569542FAB06AFAF470B397A83EA64BDBCF7A54D9B7EDFF4C107D0461635FA5AAC4AA37AD933F8F1F1F1C1C17B8DE74A6FD637BEF1174FEE7AC2F42900A05D6C69F41EEC49A306583278C77182C1E0B9F367F2F30ED5F99AB99A5BBF7E1DAF8B05BA95158DDE9B2569D4184B069F4824E2F1787EFEBA5B9BA37FE8F3051EA5F7A21AAE5DBBFE8637E207BA95158DDE9B2569D4184B061F8BC5C69EFDF7FCFCB5626DBE77F0974A9D59506FE5D5EBB3EAD8AC3A3C333FFAEC2B3F397FF9D539F5BF8E7AD551FBAFA9976EA87FD87FFCC1ED0FB977A41AAE235393E170D8F48900A02DAC68F4DE2C49A3C65832F8502874E2C4B4DBD6F5A86694BABAA82ECFAB4B73EA9A525FFFCBC7FB6EFBD58DF7C6CEE7D5D95975F686CA38EAD4BCFAD14F8F152E4CCD4791F49AB97A291008983E1100B485158DDE9B2569D4184B06DFDFDFFFFEC577F2F3578BA547756D41CD2E2C7D6B7E71E9E38F5FFCCFDFFA9DDFFDAB27BF3DAFD495797539AF2EE5554EA9970EBD5688D2AB54F365C9C900A0E504CC6DD10DC892C117E270C62DFDE9D57975F1BA9A5BF870815C2EF7F7DFF9EE13DFFACED97796DE4F20BFA8E60A117BF0C8B1B2FB520D9725270380961330B74537204B065F88C32B6E2D45E982BA704DBD3BA3F24ACDCDCE86EEB9A7AFEF237D7D81FBFE745BE91D0F4F1D2DBB2FD57059723200683901735B7403B264F08538FC3FB78A4FF0EAABD277AEA8F76EA8C3277EBE76EDDA8FACFA95DBEFFAE8D0976E89D24347A6CAEE4B355C969C0C005A4EC0DC16DD80028180E338A64751254AAF2FAA4BCED255E9851B6AEFA1F4EFADFFEC477FE36377F5FFDA77FFF94737949A9955D76697EEB87FF210514A9402F026606E8B6E40C160D086F75F2DC4E165B78ABB54A7E9E5BCFA604E5F9BE60F1ECFACFFCCE7367FE10FDE9B55EF3AEA3D475D9C553A4CF7BF7AA8ECBE54C325FA4C06E041C0DC16DD80C2E1F0F4F4B4E95114A334E75664F3A6D7DE78EBF0F1F4E474FAC054FAC0D193075F3BFD5FAFBEFED3E36FEF9B3AF93F536F1E38FAE6E4B193C7DFFAC5D3DF7BE6FEADF797DE976AB8449FC9003C0898DBA21B502412999898303D8AA57D383FFF41697DF5ABDBFDBCD5D19FDC775FD91DA9864BF4990CC08380B92DBA01C5E3711BFEFF73214A2F51664BF4990CC08380B92DBA0115DFFCD6F42888522B4AF4990CC08380B92DBA01A5D3E95028647A14C528BD48992DD16732000F02E6B6F40664C35F1E2D45E9C2FB94D9927E2603A845C0DC96DE8046474777ECD861760C8528BD40992DE96732805A04CC6DE90DA8F86FB7B3D9ACC13110A53694F43319402D02E6761734A0898989482462700085287D8F325B5D702603A84AC0DCEE8E06B473E74E834FF316A2F45DCA6C75C7990CA09280B9DD350D687878381A8DE672B9CE3F74214AB394D9EA9A331940190173BB9B1AD0F8F8783018D457A81DFED569214A7F4999AD6E3A9301941230B7BBAC01E9AB521DA53A50F515AABED199B715244A6DA82E3B9301B804CCEDAE6C408EE3E82B541DA59148C4CF7BE1366F61E11DCA6C75E5990C4011A53DA210A5E729B3C5990C742B01739B06D4BC42949EA3CC166732D0AD04CC6D1A50F30A517AD67FD55ADEFD7AE58DC6CACFDDBD97697E0DC5056A3F31DEF8D6553E8AE91301405B0898DB34A0E6359325A589526F94AE184BAD8A52EF082CFDD47BBBBC1FBAC994E54C06BA9580B94D036A5EA1EFFFC2A3BC1770BFEBE746D91D4B82A7EEC75D7199D26F79DF2E5B49E5A7B57F86A86F8BBC37C4F48900A02D04CC6D1A50F30A7DFF8CFFAABA7C49842C2F5079A3D65DFC3F90CF65CA1EBA74B1AAA3F2186A5DFB67C58DF2B8A3E91301405B0898DB34A0E62DF5FDC58C77795D99952C53B970E9D7ABAEB3AE07F5BF4CE5A76537BC875DF5BE551FBD81EDAAB52AD3270280B61030B76940CD2BF4FDB7BDAB7499156F97DEF058B9F777CB56DED832B5865476AFCAC52A6FD7D2C076D51AAAE91301405B0898DB34A0E6F94CAC15B3C4FDB46A32753E4A6BE5A2FB69E586547E6CA0885200A504CC6D1A50F30A7DFFE7DE55BA4CD5DB37F3A3FC8BDEEB5C7181BA0656B972F721CA1EABF25EEE62651F1B18DB8ADB55EB5EA64F04006D21606ED3809A57E8FBA7BDCBF3AA7479995A37BCD7E9B1809F81ADB88CBB58E9C7AA2BA95CCC63C3AB0E7EC58DF218A1E91301405B0898DB34A0E615FAFE29EF2A5D66C5DBC51B3713A57CB1D2E54B82678507F533308F87A8B5BC3B54EF75FAF98A9F2DF21EAAE91301405B0898DB34A0E6D5DBF7574C3E374BFC4769AD059A194CE5A3FB09CEAACBF88C5BA214402501739B06D4BC42DF7FCB7F555DFE667E942F50122D7E57EECDE73295A32D1B55BDCB34BC45FE37DCF48900A02D04CC6D1A50F3F43E5C5C3C49992DCE64A05B0998DB34A0E615A2F44DCA6C712603DD4AC0DCA60135AF10A569CA6C712603DD4AC0DCA601358F28B5A13893816E25606ED3809A5788D23728B3C5990C742B01739B06D4BC4294BE4E992DCE64A05B0998DB34A0E6050281EBD7A716174F50068B3319E85602E6360DA879C160F0EDCC4F16D5CF2883C5990C742B01739B06D4BC6834FA1FE3BB8D67492FD71BE91F874221D3270280B61090524469F346464686871F5854C72953F54F8927E2F1B8E91301405B084829A2B479994C2614FAD475E7D0A27A8D3252B1D896542A65FA4400D01602528A286D899D4BB62B758CEA7C2593FF6F68286AFA1400D02E02528A286D09C7712291CF4D4EFE8BF15CE9B5CA66F786429FCAE5F69B3E0500B48B8094224A5B259D4E87C3F7A4D329A5A6A9CE94CE51FD13CCC4C40F4C1F7C006D2420A588D2169A9C9CD4693A32F2674A1DA5DA5DA9D453A1507062E2FBA60F3B80F612905244696B398E333C1C8F443E9B48FC7536FB925253546B2B97FBEF64F26F87860663B188BE6DFA8003683B01294594B6C3C4C4443CFE470303BFBEE23FD946BDFAFBEF1C1ABA57A7A9E9830CA04304A4541F510AA5785126006B094829A2148AD30080C504B4277A2814A701008B09684FF450284E03001613D09EE8A1509C06002C26A03DD143A1380D00584C407BA28742711A00B09880F6440F85E23400603101ED891E0AC56900C06202DA133D148AD30080C504B4277A2814A701008B09684FF450284E03001613D09EE8A1DDA78163CA6900C05A02DA133DD47EDEFF2965C5657C3E443BB700001A27A03DD143EDE7718CCABE55FA695D4796D30080B504B4277AA8FD8AC7A8EAE566AD6FD57B61CA6900C05A02DA133DD47E3EAF4A2B17F37F70390D00584B407BA287DA6FC5AB5277B1C67E51AA380D00584C407BA287DAAF3235AB7E91AB52005D49407BA287DACF7F9472550AA0FB08684FF450FBF97C82B76CF915259349BD6420100887C3FAC6C0C080FE78C71D77A4D3E9D68E1F009A2120A58852FBF9F9B3A3B264ADBC51E9B9E79EAB8CE7CD9B37A752A9960D1D009A2620A58852FB3510A51E5F74398EB366CD9AD21C5DB76E9DBE36CDE5722D1B3A00344D404A11A5F6ABF52CAE9FBFE3AD75F7A2471F7D74D5AA55EEC20F3FFCF0F0F0701BB600001A2720A588D21EB776EDDA628E6EDDBA35180CEA4B55D32302805B084829A2B4C7EDDBB76FF5EAD5FA348846A3FC9614808504A414518A2D5BB614A3D4F44000A00A01294594229BCDEAD380D7C000B0938094224AA1380D00584C407BA287F626C77152A9D4CE9D3B63B158E4A66834AABF924824F475AAE90102C08704A41451DA6B7482EAF8ACF62683B70887C3BB77EFE60F7A01182720A5028100EDB2474C4C4C6CDCB871C5102D150C06F9B35E0066098852DD2B33998CE951A0BDF44F4BF178BCF2BAF31BDFF8E6D8D8B32FEF7DC5ADC71E7B7C7070B06C497D15CB5B200130454094EA7E3A3D3D6D7A1468A36C365B7631FAC8235F3B75FAF45C7EBE565D78FFE23F3EFD74F10DEEDDCB53CE1300460888D24824323131617A1468974C26A353D04DC46834EA1DA26581AA2F52DDFB060281C9C949D31B04A0E70888D2783C9E48244C8F026DE1384EE9F5E893BB76F90CD1D2DAB3E75F7588BAD7A6FC712F800E1310A53A47759A9A1E05DA626868C8CDD1B1B1671BC8D1621D3E32D5DFDF5F5C4F241231BD59007A8B80284DA7D3A150C8F428D07AA954AAC9EBD1D27AFE8517DDB58D8E8E9ADE38003D4440942AFEF2A84BE9C3EAFE7EB4C91C2D96FB7BD38181015E4005A0636444A9BEC8D8B16387E951A09592C9A4FBB74267CF9D6F49945E99B9EAFE4D2F270C808E9111A5FA0A833F27E9329148C47DDD4B4B72B4583F7CE699E26AFBFBFB4D6F22805E21234A55E17D70F87392AE91CBE5DCDF6BB6EA92D4ADBBEFFEF0A535BC860A40678889526DE7CE9D3C6B27483299ACF536558944C2FD6BDBD6E6A8AE071F7CA8B8F2E1E1E1CE6E31801E25294A35DD1CA3D1286F1167BF93274F16F3ECCE3BEF1C1B1B2BFBEEF6EDDB5BF587BB95F5F2DE578A2BDFB871A3916D07D06B8445A9363E3E1E0C06F5152ABF3AB599E338B7DD765B31D256AF5EFDE94F7FBAF40A55FF3C54FCD6F32FBCD8F2283D75FAB4FB760DE67600801E222F4A55E1376D3A4A75A32CFEF74A7E2566A7D237C8D56EBFFDF6071E78A0F81A15F76530878F4CB53C4A75B90F6A7A1F00E809827B8D6ECAFA0A5547A9FBB7A090C24D59FF6FB75B57B9EB377D9202E809F41AB4CB5D77DDE56667AC40FFD0934EA7F5B742A150F1EB3F3B71A21D51EABE25AFE97D00A027D06BD016EECB5D746A7EE52B5FD11F93C9A4FB5DF7898497F7BED2F21CBDF0FEC5E2CA79692980CE204AD11667CE9CD19786D16834180C0E0F0F97FDD1B5FB5FBEFFF1E9A75B1EA5FA4AB7B8F270386C6AF301F414A214ED924AA5128944D597968E8C8C14D36EDBB62FB73C4A9FDCB5ABB8F2A1A1A18E6F34805E4494C280743AED3E077B65E66A6BA374D3A64DC595F36F6E017406510A3382C16031F09AF937A595E5BEA854E3AD3C007406510A338687878B81B77EFDFA165E98FEF117BFE8FECDB0E94D04D02B885298A12F19DD577FB6EAED03F71F38E85E92F20F6E01740C510A634647478BB11708049A7F55CCA9D3A7DD6CDEBE7DBBE98D03D043885298B471E346F7FD8F9A79E7A32B3357D7AF5FEFAE8AF76706D04944294CCA6432FDFDFD6E0436F696BC67CF9D7773545FE0F29ECC003A8C2885613AF9DC5F70EA20ACF74D1BF61F3858FABEF9A3A3A3A6370840CF214A615E2A9572AF4D8B7FD3EBE79FAFE98BD1FBB76EED2B418E023082288515D2E9B4FB1EF76EA03EF6D8E395EF77AF13545FB90E0E0E962EAC9398E77501984294C216C57F43EBFE5397321B366CA8F5ADA1A121FECE0880414429ECA243D17DB3FB15452291C9C949D34306D0EB8852D8C8719C6432A933351C0E97C56730188CC562BB77EFE64A148025885200009A42940200D014A2140080A610A500003485280500A029FF1F701E86755FF953AD0000000049454E44AE426082, '0');
INSERT INTO `act_ge_bytearray` VALUES ('3', '1', 'LeaveBill/LeaveBill.bpmn', '1', 0x3C3F786D6C2076657273696F6E3D22312E302220656E636F64696E673D225554462D38223F3E0A3C646566696E6974696F6E7320786D6C6E733D22687474703A2F2F7777772E6F6D672E6F72672F737065632F42504D4E2F32303130303532342F4D4F44454C2220786D6C6E733A7873693D22687474703A2F2F7777772E77332E6F72672F323030312F584D4C536368656D612D696E7374616E63652220786D6C6E733A7873643D22687474703A2F2F7777772E77332E6F72672F323030312F584D4C536368656D612220786D6C6E733A61637469766974693D22687474703A2F2F61637469766974692E6F72672F62706D6E2220786D6C6E733A62706D6E64693D22687474703A2F2F7777772E6F6D672E6F72672F737065632F42504D4E2F32303130303532342F44492220786D6C6E733A6F6D6764633D22687474703A2F2F7777772E6F6D672E6F72672F737065632F44442F32303130303532342F44432220786D6C6E733A6F6D6764693D22687474703A2F2F7777772E6F6D672E6F72672F737065632F44442F32303130303532342F44492220747970654C616E67756167653D22687474703A2F2F7777772E77332E6F72672F323030312F584D4C536368656D61222065787072657373696F6E4C616E67756167653D22687474703A2F2F7777772E77332E6F72672F313939392F585061746822207461726765744E616D6573706163653D22687474703A2F2F7777772E61637469766974692E6F72672F74657374223E0A20203C70726F636573732069643D224C6561766542696C6C22206E616D653D224C6561766542696C6C2220697345786563757461626C653D2274727565223E0A202020203C73746172744576656E742069643D2273746172746576656E743122206E616D653D225374617274223E3C2F73746172744576656E743E0A202020203C656E644576656E742069643D22656E646576656E743122206E616D653D22456E64223E3C2F656E644576656E743E0A202020203C757365725461736B2069643D22757365727461736B3122206E616D653D22E68F90E4BAA4E794B3E8AFB7222061637469766974693A61737369676E65653D22237B757365726E616D657D223E3C2F757365725461736B3E0A202020203C757365725461736B2069643D22757365727461736B3222206E616D653D22E5AEA1E689B9E38090E4B88AE7BAA7E9A286E5AFBCE38091223E0A2020202020203C657874656E73696F6E456C656D656E74733E0A20202020202020203C61637469766974693A7461736B4C697374656E6572206576656E743D226372656174652220636C6173733D22636F6D2E74696D61696E2E7765622E7379732E6C697374656E65722E5461736B4C697374656E6572496D706C223E3C2F61637469766974693A7461736B4C697374656E65723E0A2020202020203C2F657874656E73696F6E456C656D656E74733E0A202020203C2F757365725461736B3E0A202020203C757365725461736B2069643D22757365727461736B3322206E616D653D22E5AEA1E689B9E38090E4B88AE4B88AE7BAA7E9A286E5AFBCE38091223E0A2020202020203C657874656E73696F6E456C656D656E74733E0A20202020202020203C61637469766974693A7461736B4C697374656E6572206576656E743D226372656174652220636C6173733D22636F6D2E74696D61696E2E7765622E7379732E6C697374656E65722E5461736B4C697374656E6572496D706C223E3C2F61637469766974693A7461736B4C697374656E65723E0A2020202020203C2F657874656E73696F6E456C656D656E74733E0A202020203C2F757365725461736B3E0A202020203C73657175656E6365466C6F772069643D22666C6F77312220736F757263655265663D2273746172746576656E743122207461726765745265663D22757365727461736B31223E3C2F73657175656E6365466C6F773E0A202020203C73657175656E6365466C6F772069643D22666C6F773222206E616D653D22E68F90E4BAA42220736F757263655265663D22757365727461736B3122207461726765745265663D22757365727461736B32223E0A2020202020203C636F6E646974696F6E45787072657373696F6E207873693A747970653D2274466F726D616C45787072657373696F6E223E3C215B43444154415B247B6F7574636F6D653D3D27E68F90E4BAA4277D5D5D3E3C2F636F6E646974696F6E45787072657373696F6E3E0A202020203C2F73657175656E6365466C6F773E0A202020203C73657175656E6365466C6F772069643D22666C6F773322206E616D653D22E5908CE6848F2220736F757263655265663D22757365727461736B3222207461726765745265663D22757365727461736B33223E0A2020202020203C636F6E646974696F6E45787072657373696F6E207873693A747970653D2274466F726D616C45787072657373696F6E223E3C215B43444154415B247B6F7574636F6D653D3D27E5908CE6848F277D5D5D3E3C2F636F6E646974696F6E45787072657373696F6E3E0A202020203C2F73657175656E6365466C6F773E0A202020203C73657175656E6365466C6F772069643D22666C6F773422206E616D653D22E5908CE6848F2220736F757263655265663D22757365727461736B3322207461726765745265663D22656E646576656E7431223E0A2020202020203C636F6E646974696F6E45787072657373696F6E207873693A747970653D2274466F726D616C45787072657373696F6E223E3C215B43444154415B247B6F7574636F6D653D3D27E5908CE6848F277D5D5D3E3C2F636F6E646974696F6E45787072657373696F6E3E0A202020203C2F73657175656E6365466C6F773E0A202020203C73657175656E6365466C6F772069643D22666C6F773522206E616D653D22E9A9B3E59B9E2220736F757263655265663D22757365727461736B3222207461726765745265663D22757365727461736B31223E0A2020202020203C636F6E646974696F6E45787072657373696F6E207873693A747970653D2274466F726D616C45787072657373696F6E223E3C215B43444154415B247B6F7574636F6D653D3D27E9A9B3E59B9E277D5D5D3E3C2F636F6E646974696F6E45787072657373696F6E3E0A202020203C2F73657175656E6365466C6F773E0A202020203C73657175656E6365466C6F772069643D22666C6F773622206E616D653D22E9A9B3E59B9E2220736F757263655265663D22757365727461736B3322207461726765745265663D22757365727461736B31223E0A2020202020203C636F6E646974696F6E45787072657373696F6E207873693A747970653D2274466F726D616C45787072657373696F6E223E3C215B43444154415B247B6F7574636F6D653D3D27E9A9B3E59B9E277D5D5D3E3C2F636F6E646974696F6E45787072657373696F6E3E0A202020203C2F73657175656E6365466C6F773E0A202020203C73657175656E6365466C6F772069643D22666C6F773722206E616D653D22E694BEE5BC832220736F757263655265663D22757365727461736B3122207461726765745265663D22656E646576656E7431223E0A2020202020203C636F6E646974696F6E45787072657373696F6E207873693A747970653D2274466F726D616C45787072657373696F6E223E3C215B43444154415B247B6F7574636F6D653D3D27E694BEE5BC83277D5D5D3E3C2F636F6E646974696F6E45787072657373696F6E3E0A202020203C2F73657175656E6365466C6F773E0A20203C2F70726F636573733E0A20203C62706D6E64693A42504D4E4469616772616D2069643D2242504D4E4469616772616D5F4C6561766542696C6C223E0A202020203C62706D6E64693A42504D4E506C616E652062706D6E456C656D656E743D224C6561766542696C6C222069643D2242504D4E506C616E655F4C6561766542696C6C223E0A2020202020203C62706D6E64693A42504D4E53686170652062706D6E456C656D656E743D2273746172746576656E7431222069643D2242504D4E53686170655F73746172746576656E7431223E0A20202020202020203C6F6D6764633A426F756E6473206865696768743D2233352E30222077696474683D2233352E302220783D223231302E302220793D2233302E30223E3C2F6F6D6764633A426F756E64733E0A2020202020203C2F62706D6E64693A42504D4E53686170653E0A2020202020203C62706D6E64693A42504D4E53686170652062706D6E456C656D656E743D22656E646576656E7431222069643D2242504D4E53686170655F656E646576656E7431223E0A20202020202020203C6F6D6764633A426F756E6473206865696768743D2233352E30222077696474683D2233352E302220783D223231302E302220793D223335302E30223E3C2F6F6D6764633A426F756E64733E0A2020202020203C2F62706D6E64693A42504D4E53686170653E0A2020202020203C62706D6E64693A42504D4E53686170652062706D6E456C656D656E743D22757365727461736B31222069643D2242504D4E53686170655F757365727461736B31223E0A20202020202020203C6F6D6764633A426F756E6473206865696768743D2235352E30222077696474683D223130352E302220783D223137352E302220793D2239302E30223E3C2F6F6D6764633A426F756E64733E0A2020202020203C2F62706D6E64693A42504D4E53686170653E0A2020202020203C62706D6E64693A42504D4E53686170652062706D6E456C656D656E743D22757365727461736B32222069643D2242504D4E53686170655F757365727461736B32223E0A20202020202020203C6F6D6764633A426F756E6473206865696768743D2235352E30222077696474683D223130352E302220783D223137352E302220793D223137302E30223E3C2F6F6D6764633A426F756E64733E0A2020202020203C2F62706D6E64693A42504D4E53686170653E0A2020202020203C62706D6E64693A42504D4E53686170652062706D6E456C656D656E743D22757365727461736B33222069643D2242504D4E53686170655F757365727461736B33223E0A20202020202020203C6F6D6764633A426F756E6473206865696768743D2236312E30222077696474683D223133312E302220783D223136322E302220793D223236302E30223E3C2F6F6D6764633A426F756E64733E0A2020202020203C2F62706D6E64693A42504D4E53686170653E0A2020202020203C62706D6E64693A42504D4E456467652062706D6E456C656D656E743D22666C6F7731222069643D2242504D4E456467655F666C6F7731223E0A20202020202020203C6F6D6764693A776179706F696E7420783D223232372E302220793D2236352E30223E3C2F6F6D6764693A776179706F696E743E0A20202020202020203C6F6D6764693A776179706F696E7420783D223232372E302220793D2239302E30223E3C2F6F6D6764693A776179706F696E743E0A2020202020203C2F62706D6E64693A42504D4E456467653E0A2020202020203C62706D6E64693A42504D4E456467652062706D6E456C656D656E743D22666C6F7732222069643D2242504D4E456467655F666C6F7732223E0A20202020202020203C6F6D6764693A776179706F696E7420783D223232372E302220793D223134352E30223E3C2F6F6D6764693A776179706F696E743E0A20202020202020203C6F6D6764693A776179706F696E7420783D223232372E302220793D223137302E30223E3C2F6F6D6764693A776179706F696E743E0A20202020202020203C62706D6E64693A42504D4E4C6162656C3E0A202020202020202020203C6F6D6764633A426F756E6473206865696768743D2231342E30222077696474683D223130302E302220783D223230302E302220793D223134392E30223E3C2F6F6D6764633A426F756E64733E0A20202020202020203C2F62706D6E64693A42504D4E4C6162656C3E0A2020202020203C2F62706D6E64693A42504D4E456467653E0A2020202020203C62706D6E64693A42504D4E456467652062706D6E456C656D656E743D22666C6F7733222069643D2242504D4E456467655F666C6F7733223E0A20202020202020203C6F6D6764693A776179706F696E7420783D223232372E302220793D223232352E30223E3C2F6F6D6764693A776179706F696E743E0A20202020202020203C6F6D6764693A776179706F696E7420783D223232372E302220793D223236302E30223E3C2F6F6D6764693A776179706F696E743E0A20202020202020203C62706D6E64693A42504D4E4C6162656C3E0A202020202020202020203C6F6D6764633A426F756E6473206865696768743D2231342E30222077696474683D223130302E302220783D223139332E302220793D223232392E30223E3C2F6F6D6764633A426F756E64733E0A20202020202020203C2F62706D6E64693A42504D4E4C6162656C3E0A2020202020203C2F62706D6E64693A42504D4E456467653E0A2020202020203C62706D6E64693A42504D4E456467652062706D6E456C656D656E743D22666C6F7734222069643D2242504D4E456467655F666C6F7734223E0A20202020202020203C6F6D6764693A776179706F696E7420783D223232372E302220793D223332312E30223E3C2F6F6D6764693A776179706F696E743E0A20202020202020203C6F6D6764693A776179706F696E7420783D223232372E302220793D223335302E30223E3C2F6F6D6764693A776179706F696E743E0A20202020202020203C62706D6E64693A42504D4E4C6162656C3E0A202020202020202020203C6F6D6764633A426F756E6473206865696768743D2231342E30222077696474683D223130302E302220783D223139332E302220793D223333312E30223E3C2F6F6D6764633A426F756E64733E0A20202020202020203C2F62706D6E64693A42504D4E4C6162656C3E0A2020202020203C2F62706D6E64693A42504D4E456467653E0A2020202020203C62706D6E64693A42504D4E456467652062706D6E456C656D656E743D22666C6F7735222069643D2242504D4E456467655F666C6F7735223E0A20202020202020203C6F6D6764693A776179706F696E7420783D223238302E302220793D223139372E30223E3C2F6F6D6764693A776179706F696E743E0A20202020202020203C6F6D6764693A776179706F696E7420783D223334392E302220793D223139372E30223E3C2F6F6D6764693A776179706F696E743E0A20202020202020203C6F6D6764693A776179706F696E7420783D223334392E302220793D223131372E30223E3C2F6F6D6764693A776179706F696E743E0A20202020202020203C6F6D6764693A776179706F696E7420783D223238302E302220793D223131372E30223E3C2F6F6D6764693A776179706F696E743E0A20202020202020203C62706D6E64693A42504D4E4C6162656C3E0A202020202020202020203C6F6D6764633A426F756E6473206865696768743D2231342E30222077696474683D223130302E302220783D223331392E302220793D223135372E30223E3C2F6F6D6764633A426F756E64733E0A20202020202020203C2F62706D6E64693A42504D4E4C6162656C3E0A2020202020203C2F62706D6E64693A42504D4E456467653E0A2020202020203C62706D6E64693A42504D4E456467652062706D6E456C656D656E743D22666C6F7736222069643D2242504D4E456467655F666C6F7736223E0A20202020202020203C6F6D6764693A776179706F696E7420783D223136322E302220793D223239302E30223E3C2F6F6D6764693A776179706F696E743E0A20202020202020203C6F6D6764693A776179706F696E7420783D223131372E302220793D223238392E30223E3C2F6F6D6764693A776179706F696E743E0A20202020202020203C6F6D6764693A776179706F696E7420783D223131372E302220793D223139352E30223E3C2F6F6D6764693A776179706F696E743E0A20202020202020203C6F6D6764693A776179706F696E7420783D223131372E302220793D223131372E30223E3C2F6F6D6764693A776179706F696E743E0A20202020202020203C6F6D6764693A776179706F696E7420783D223137352E302220793D223131372E30223E3C2F6F6D6764693A776179706F696E743E0A20202020202020203C62706D6E64693A42504D4E4C6162656C3E0A202020202020202020203C6F6D6764633A426F756E6473206865696768743D2231342E30222077696474683D223130302E302220783D2239312E302220793D223230312E30223E3C2F6F6D6764633A426F756E64733E0A20202020202020203C2F62706D6E64693A42504D4E4C6162656C3E0A2020202020203C2F62706D6E64693A42504D4E456467653E0A2020202020203C62706D6E64693A42504D4E456467652062706D6E456C656D656E743D22666C6F7737222069643D2242504D4E456467655F666C6F7737223E0A20202020202020203C6F6D6764693A776179706F696E7420783D223137352E302220793D223131372E30223E3C2F6F6D6764693A776179706F696E743E0A20202020202020203C6F6D6764693A776179706F696E7420783D2235342E302220793D223131372E30223E3C2F6F6D6764693A776179706F696E743E0A20202020202020203C6F6D6764693A776179706F696E7420783D2235342E302220793D223336372E30223E3C2F6F6D6764693A776179706F696E743E0A20202020202020203C6F6D6764693A776179706F696E7420783D223231302E302220793D223336372E30223E3C2F6F6D6764693A776179706F696E743E0A20202020202020203C62706D6E64693A42504D4E4C6162656C3E0A202020202020202020203C6F6D6764633A426F756E6473206865696768743D2231342E30222077696474683D223130302E302220783D2233312E302220793D223233302E30223E3C2F6F6D6764633A426F756E64733E0A20202020202020203C2F62706D6E64693A42504D4E4C6162656C3E0A2020202020203C2F62706D6E64693A42504D4E456467653E0A202020203C2F62706D6E64693A42504D4E506C616E653E0A20203C2F62706D6E64693A42504D4E4469616772616D3E0A3C2F646566696E6974696F6E733E, '0');

-- ----------------------------
-- Table structure for act_ge_property
-- ----------------------------
DROP TABLE IF EXISTS `act_ge_property`;
CREATE TABLE `act_ge_property` (
  `NAME_` varchar(64) COLLATE utf8_bin NOT NULL,
  `VALUE_` varchar(300) COLLATE utf8_bin DEFAULT NULL,
  `REV_` int(11) DEFAULT NULL,
  PRIMARY KEY (`NAME_`)
) ENGINE=InnoDB DEFAULT CHARSET=utf8 COLLATE=utf8_bin;

-- ----------------------------
-- Records of act_ge_property
-- ----------------------------
INSERT INTO `act_ge_property` VALUES ('next.dbid', '7501', '4');
INSERT INTO `act_ge_property` VALUES ('schema.history', 'create(5.22.0.0)', '1');
INSERT INTO `act_ge_property` VALUES ('schema.version', '5.22.0.0', '1');

-- ----------------------------
-- Table structure for act_hi_actinst
-- ----------------------------
DROP TABLE IF EXISTS `act_hi_actinst`;
CREATE TABLE `act_hi_actinst` (
  `ID_` varchar(64) COLLATE utf8_bin NOT NULL,
  `PROC_DEF_ID_` varchar(64) COLLATE utf8_bin NOT NULL,
  `PROC_INST_ID_` varchar(64) COLLATE utf8_bin NOT NULL,
  `EXECUTION_ID_` varchar(64) COLLATE utf8_bin NOT NULL,
  `ACT_ID_` varchar(255) COLLATE utf8_bin NOT NULL,
  `TASK_ID_` varchar(64) COLLATE utf8_bin DEFAULT NULL,
  `CALL_PROC_INST_ID_` varchar(64) COLLATE utf8_bin DEFAULT NULL,
  `ACT_NAME_` varchar(255) COLLATE utf8_bin DEFAULT NULL,
  `ACT_TYPE_` varchar(255) COLLATE utf8_bin NOT NULL,
  `ASSIGNEE_` varchar(255) COLLATE utf8_bin DEFAULT NULL,
  `START_TIME_` datetime(3) NOT NULL,
  `END_TIME_` datetime(3) DEFAULT NULL,
  `DURATION_` bigint(20) DEFAULT NULL,
  `TENANT_ID_` varchar(255) COLLATE utf8_bin DEFAULT '',
  PRIMARY KEY (`ID_`),
  KEY `ACT_IDX_HI_ACT_INST_START` (`START_TIME_`),
  KEY `ACT_IDX_HI_ACT_INST_END` (`END_TIME_`),
  KEY `ACT_IDX_HI_ACT_INST_PROCINST` (`PROC_INST_ID_`,`ACT_ID_`),
  KEY `ACT_IDX_HI_ACT_INST_EXEC` (`EXECUTION_ID_`,`ACT_ID_`)
) ENGINE=InnoDB DEFAULT CHARSET=utf8 COLLATE=utf8_bin;

-- ----------------------------
-- Records of act_hi_actinst
-- ----------------------------
INSERT INTO `act_hi_actinst` VALUES ('13', 'LeaveBill:1:4', '5', '5', 'usertask2', '14', null, '审批【上级领导】', 'userTask', '王五', '2020-07-03 06:41:09.548', '2020-07-03 06:42:02.262', '52714', '');
INSERT INTO `act_hi_actinst` VALUES ('17', 'LeaveBill:1:4', '5', '5', 'usertask3', '18', null, '审批【上上级领导】', 'userTask', '李四', '2020-07-03 06:42:02.262', '2020-07-03 06:43:02.400', '60138', '');
INSERT INTO `act_hi_actinst` VALUES ('21', 'LeaveBill:1:4', '5', '5', 'endevent1', null, null, 'End', 'endEvent', null, '2020-07-03 06:43:02.400', '2020-07-03 06:43:02.400', '0', '');
INSERT INTO `act_hi_actinst` VALUES ('23', 'LeaveBill:1:4', '22', '22', 'startevent1', null, null, 'Start', 'startEvent', null, '2020-07-03 06:45:52.310', '2020-07-03 06:45:52.312', '2', '');
INSERT INTO `act_hi_actinst` VALUES ('25', 'LeaveBill:1:4', '22', '22', 'usertask1', '26', null, '提交申请', 'userTask', '孙七', '2020-07-03 06:45:52.312', '2020-07-03 06:46:09.987', '17675', '');
INSERT INTO `act_hi_actinst` VALUES ('2502', 'LeaveBill:1:4', '22', '22', 'usertask2', '2503', null, '审批【上级领导】', 'userTask', '赵六', '2020-07-03 06:50:28.015', '2020-07-03 06:50:57.793', '29778', '');
INSERT INTO `act_hi_actinst` VALUES ('2505', 'LeaveBill:1:4', '22', '22', 'usertask3', '2506', null, '审批【上上级领导】', 'userTask', '王五', '2020-07-03 06:50:57.793', '2020-07-03 06:51:35.279', '37486', '');
INSERT INTO `act_hi_actinst` VALUES ('2508', 'LeaveBill:1:4', '22', '22', 'endevent1', null, null, 'End', 'endEvent', null, '2020-07-03 06:51:35.279', '2020-07-03 06:51:35.279', '0', '');
INSERT INTO `act_hi_actinst` VALUES ('2510', 'LeaveBill:1:4', '2509', '2509', 'startevent1', null, null, 'Start', 'startEvent', null, '2020-07-03 06:53:33.760', '2020-07-03 06:53:33.764', '4', '');
INSERT INTO `act_hi_actinst` VALUES ('2512', 'LeaveBill:1:4', '2509', '2509', 'usertask1', '2513', null, '提交申请', 'userTask', '孙七', '2020-07-03 06:53:33.764', '2020-07-06 05:30:04.621', '254190857', '');
INSERT INTO `act_hi_actinst` VALUES ('30', 'LeaveBill:1:4', '22', '22', 'usertask2', '31', null, '审批【上级领导】', 'userTask', '赵六', '2020-07-03 06:46:09.987', '2020-07-03 06:46:52.138', '42151', '');
INSERT INTO `act_hi_actinst` VALUES ('34', 'LeaveBill:1:4', '22', '22', 'usertask3', '35', null, '审批【上上级领导】', 'userTask', '王五', '2020-07-03 06:46:52.139', '2020-07-03 06:47:40.068', '47929', '');
INSERT INTO `act_hi_actinst` VALUES ('38', 'LeaveBill:1:4', '22', '22', 'usertask1', '39', null, '提交申请', 'userTask', '孙七', '2020-07-03 06:47:40.068', '2020-07-03 06:50:28.015', '167947', '');
INSERT INTO `act_hi_actinst` VALUES ('5003', 'LeaveBill:1:4', '2509', '2509', 'usertask2', '5004', null, '审批【上级领导】', 'userTask', '赵六', '2020-07-06 05:30:04.623', '2020-07-06 05:31:26.247', '81624', '');
INSERT INTO `act_hi_actinst` VALUES ('5007', 'LeaveBill:1:4', '2509', '2509', 'usertask3', '5008', null, '审批【上上级领导】', 'userTask', '王五', '2020-07-06 05:31:26.247', '2020-07-06 05:32:31.116', '64869', '');
INSERT INTO `act_hi_actinst` VALUES ('5011', 'LeaveBill:1:4', '2509', '2509', 'usertask1', '5012', null, '提交申请', 'userTask', '孙七', '2020-07-06 05:32:31.117', '2020-07-06 05:33:19.531', '48414', '');
INSERT INTO `act_hi_actinst` VALUES ('5014', 'LeaveBill:1:4', '2509', '2509', 'endevent1', null, null, 'End', 'endEvent', null, '2020-07-06 05:33:19.531', '2020-07-06 05:33:19.531', '0', '');
INSERT INTO `act_hi_actinst` VALUES ('6', 'LeaveBill:1:4', '5', '5', 'startevent1', null, null, 'Start', 'startEvent', null, '2020-07-03 06:40:55.953', '2020-07-03 06:40:55.972', '19', '');
INSERT INTO `act_hi_actinst` VALUES ('8', 'LeaveBill:1:4', '5', '5', 'usertask1', '9', null, '提交申请', 'userTask', '赵六', '2020-07-03 06:40:55.973', '2020-07-03 06:41:09.548', '13575', '');

-- ----------------------------
-- Table structure for act_hi_attachment
-- ----------------------------
DROP TABLE IF EXISTS `act_hi_attachment`;
CREATE TABLE `act_hi_attachment` (
  `ID_` varchar(64) COLLATE utf8_bin NOT NULL,
  `REV_` int(11) DEFAULT NULL,
  `USER_ID_` varchar(255) COLLATE utf8_bin DEFAULT NULL,
  `NAME_` varchar(255) COLLATE utf8_bin DEFAULT NULL,
  `DESCRIPTION_` varchar(4000) COLLATE utf8_bin DEFAULT NULL,
  `TYPE_` varchar(255) COLLATE utf8_bin DEFAULT NULL,
  `TASK_ID_` varchar(64) COLLATE utf8_bin DEFAULT NULL,
  `PROC_INST_ID_` varchar(64) COLLATE utf8_bin DEFAULT NULL,
  `URL_` varchar(4000) COLLATE utf8_bin DEFAULT NULL,
  `CONTENT_ID_` varchar(64) COLLATE utf8_bin DEFAULT NULL,
  `TIME_` datetime(3) DEFAULT NULL,
  PRIMARY KEY (`ID_`)
) ENGINE=InnoDB DEFAULT CHARSET=utf8 COLLATE=utf8_bin;

-- ----------------------------
-- Records of act_hi_attachment
-- ----------------------------

-- ----------------------------
-- Table structure for act_hi_comment
-- ----------------------------
DROP TABLE IF EXISTS `act_hi_comment`;
CREATE TABLE `act_hi_comment` (
  `ID_` varchar(64) COLLATE utf8_bin NOT NULL,
  `TYPE_` varchar(255) COLLATE utf8_bin DEFAULT NULL,
  `TIME_` datetime(3) NOT NULL,
  `USER_ID_` varchar(255) COLLATE utf8_bin DEFAULT NULL,
  `TASK_ID_` varchar(64) COLLATE utf8_bin DEFAULT NULL,
  `PROC_INST_ID_` varchar(64) COLLATE utf8_bin DEFAULT NULL,
  `ACTION_` varchar(255) COLLATE utf8_bin DEFAULT NULL,
  `MESSAGE_` varchar(4000) COLLATE utf8_bin DEFAULT NULL,
  `FULL_MSG_` longblob,
  PRIMARY KEY (`ID_`)
) ENGINE=InnoDB DEFAULT CHARSET=utf8 COLLATE=utf8_bin;

-- ----------------------------
-- Records of act_hi_comment
-- ----------------------------
INSERT INTO `act_hi_comment` VALUES ('11', '【提交】', '2020-07-03 06:41:09.494', '赵六', '9', '5', 'AddComment', '望领导批准', 0xE69C9BE9A286E5AFBCE689B9E58786);
INSERT INTO `act_hi_comment` VALUES ('16', '【同意】', '2020-07-03 06:42:02.219', '王五', '14', '5', 'AddComment', '同意', 0xE5908CE6848F);
INSERT INTO `act_hi_comment` VALUES ('20', '【同意】', '2020-07-03 06:43:02.363', '李四', '18', '5', 'AddComment', '同意', 0xE5908CE6848F);
INSERT INTO `act_hi_comment` VALUES ('2501', 'comment', '2020-07-03 06:50:27.919', '孙七', '39', '22', 'AddComment', '【提交】快通过', 0xE38090E68F90E4BAA4E38091E5BFABE9809AE8BF87);
INSERT INTO `act_hi_comment` VALUES ('2504', 'comment', '2020-07-03 06:50:57.760', '赵六', '2503', '22', 'AddComment', '【同意】好的嫂子', 0xE38090E5908CE6848FE38091E5A5BDE79A84E5AB82E5AD90);
INSERT INTO `act_hi_comment` VALUES ('2507', 'comment', '2020-07-03 06:51:35.247', '王五', '2506', '22', 'AddComment', '【同意】行吧', 0xE38090E5908CE6848FE38091E8A18CE590A7);
INSERT INTO `act_hi_comment` VALUES ('28', '【提交】', '2020-07-03 06:46:09.955', '孙七', '26', '22', 'AddComment', '领导是我老公', 0xE9A286E5AFBCE698AFE68891E88081E585AC);
INSERT INTO `act_hi_comment` VALUES ('33', '【同意】', '2020-07-03 06:46:52.104', '赵六', '31', '22', 'AddComment', '好的', 0xE5A5BDE79A84);
INSERT INTO `act_hi_comment` VALUES ('37', '【驳回】', '2020-07-03 06:47:40.034', '王五', '35', '22', 'AddComment', '不行', 0xE4B88DE8A18C);
INSERT INTO `act_hi_comment` VALUES ('5001', '提交', '2020-07-06 05:30:04.468', '孙七', '2513', '2509', 'AddComment', '【提交】望领导批准', 0xE38090E68F90E4BAA4E38091E69C9BE9A286E5AFBCE689B9E58786);
INSERT INTO `act_hi_comment` VALUES ('5006', '同意', '2020-07-06 05:31:26.196', '赵六', '5004', '2509', 'AddComment', '【同意】好好休息', 0xE38090E5908CE6848FE38091E5A5BDE5A5BDE4BC91E681AF);
INSERT INTO `act_hi_comment` VALUES ('5010', '驳回', '2020-07-06 05:32:31.061', '王五', '5008', '2509', 'AddComment', '【驳回】不同意', 0xE38090E9A9B3E59B9EE38091E4B88DE5908CE6848F);
INSERT INTO `act_hi_comment` VALUES ('5013', '放弃', '2020-07-06 05:33:19.492', '孙七', '5012', '2509', 'AddComment', '【放弃】', 0xE38090E694BEE5BC83E38091);

-- ----------------------------
-- Table structure for act_hi_detail
-- ----------------------------
DROP TABLE IF EXISTS `act_hi_detail`;
CREATE TABLE `act_hi_detail` (
  `ID_` varchar(64) COLLATE utf8_bin NOT NULL,
  `TYPE_` varchar(255) COLLATE utf8_bin NOT NULL,
  `PROC_INST_ID_` varchar(64) COLLATE utf8_bin DEFAULT NULL,
  `EXECUTION_ID_` varchar(64) COLLATE utf8_bin DEFAULT NULL,
  `TASK_ID_` varchar(64) COLLATE utf8_bin DEFAULT NULL,
  `ACT_INST_ID_` varchar(64) COLLATE utf8_bin DEFAULT NULL,
  `NAME_` varchar(255) COLLATE utf8_bin NOT NULL,
  `VAR_TYPE_` varchar(255) COLLATE utf8_bin DEFAULT NULL,
  `REV_` int(11) DEFAULT NULL,
  `TIME_` datetime(3) NOT NULL,
  `BYTEARRAY_ID_` varchar(64) COLLATE utf8_bin DEFAULT NULL,
  `DOUBLE_` double DEFAULT NULL,
  `LONG_` bigint(20) DEFAULT NULL,
  `TEXT_` varchar(4000) COLLATE utf8_bin DEFAULT NULL,
  `TEXT2_` varchar(4000) COLLATE utf8_bin DEFAULT NULL,
  PRIMARY KEY (`ID_`),
  KEY `ACT_IDX_HI_DETAIL_PROC_INST` (`PROC_INST_ID_`),
  KEY `ACT_IDX_HI_DETAIL_ACT_INST` (`ACT_INST_ID_`),
  KEY `ACT_IDX_HI_DETAIL_TIME` (`TIME_`),
  KEY `ACT_IDX_HI_DETAIL_NAME` (`NAME_`),
  KEY `ACT_IDX_HI_DETAIL_TASK_ID` (`TASK_ID_`)
) ENGINE=InnoDB DEFAULT CHARSET=utf8 COLLATE=utf8_bin;

-- ----------------------------
-- Records of act_hi_detail
-- ----------------------------

-- ----------------------------
-- Table structure for act_hi_identitylink
-- ----------------------------
DROP TABLE IF EXISTS `act_hi_identitylink`;
CREATE TABLE `act_hi_identitylink` (
  `ID_` varchar(64) COLLATE utf8_bin NOT NULL,
  `GROUP_ID_` varchar(255) COLLATE utf8_bin DEFAULT NULL,
  `TYPE_` varchar(255) COLLATE utf8_bin DEFAULT NULL,
  `USER_ID_` varchar(255) COLLATE utf8_bin DEFAULT NULL,
  `TASK_ID_` varchar(64) COLLATE utf8_bin DEFAULT NULL,
  `PROC_INST_ID_` varchar(64) COLLATE utf8_bin DEFAULT NULL,
  PRIMARY KEY (`ID_`),
  KEY `ACT_IDX_HI_IDENT_LNK_USER` (`USER_ID_`),
  KEY `ACT_IDX_HI_IDENT_LNK_TASK` (`TASK_ID_`),
  KEY `ACT_IDX_HI_IDENT_LNK_PROCINST` (`PROC_INST_ID_`)
) ENGINE=InnoDB DEFAULT CHARSET=utf8 COLLATE=utf8_bin;

-- ----------------------------
-- Records of act_hi_identitylink
-- ----------------------------
INSERT INTO `act_hi_identitylink` VALUES ('10', null, 'participant', '赵六', null, '5');
INSERT INTO `act_hi_identitylink` VALUES ('15', null, 'participant', '王五', null, '5');
INSERT INTO `act_hi_identitylink` VALUES ('19', null, 'participant', '李四', null, '5');
INSERT INTO `act_hi_identitylink` VALUES ('2514', null, 'participant', '孙七', null, '2509');
INSERT INTO `act_hi_identitylink` VALUES ('27', null, 'participant', '孙七', null, '22');
INSERT INTO `act_hi_identitylink` VALUES ('32', null, 'participant', '赵六', null, '22');
INSERT INTO `act_hi_identitylink` VALUES ('36', null, 'participant', '王五', null, '22');
INSERT INTO `act_hi_identitylink` VALUES ('5005', null, 'participant', '赵六', null, '2509');
INSERT INTO `act_hi_identitylink` VALUES ('5009', null, 'participant', '王五', null, '2509');

-- ----------------------------
-- Table structure for act_hi_procinst
-- ----------------------------
DROP TABLE IF EXISTS `act_hi_procinst`;
CREATE TABLE `act_hi_procinst` (
  `ID_` varchar(64) COLLATE utf8_bin NOT NULL,
  `PROC_INST_ID_` varchar(64) COLLATE utf8_bin NOT NULL,
  `BUSINESS_KEY_` varchar(255) COLLATE utf8_bin DEFAULT NULL,
  `PROC_DEF_ID_` varchar(64) COLLATE utf8_bin NOT NULL,
  `START_TIME_` datetime(3) NOT NULL,
  `END_TIME_` datetime(3) DEFAULT NULL,
  `DURATION_` bigint(20) DEFAULT NULL,
  `START_USER_ID_` varchar(255) COLLATE utf8_bin DEFAULT NULL,
  `START_ACT_ID_` varchar(255) COLLATE utf8_bin DEFAULT NULL,
  `END_ACT_ID_` varchar(255) COLLATE utf8_bin DEFAULT NULL,
  `SUPER_PROCESS_INSTANCE_ID_` varchar(64) COLLATE utf8_bin DEFAULT NULL,
  `DELETE_REASON_` varchar(4000) COLLATE utf8_bin DEFAULT NULL,
  `TENANT_ID_` varchar(255) COLLATE utf8_bin DEFAULT '',
  `NAME_` varchar(255) COLLATE utf8_bin DEFAULT NULL,
  PRIMARY KEY (`ID_`),
  UNIQUE KEY `PROC_INST_ID_` (`PROC_INST_ID_`),
  KEY `ACT_IDX_HI_PRO_INST_END` (`END_TIME_`),
  KEY `ACT_IDX_HI_PRO_I_BUSKEY` (`BUSINESS_KEY_`)
) ENGINE=InnoDB DEFAULT CHARSET=utf8 COLLATE=utf8_bin;

-- ----------------------------
-- Records of act_hi_procinst
-- ----------------------------
INSERT INTO `act_hi_procinst` VALUES ('22', '22', 'LeaveBill:fe205c659bdb47d195204032807eac85', 'LeaveBill:1:4', '2020-07-03 06:45:52.310', '2020-07-03 06:51:35.283', '342973', null, 'startevent1', 'endevent1', null, null, '', null);
INSERT INTO `act_hi_procinst` VALUES ('2509', '2509', 'LeaveBill:8d35c99416414a21b80d99635d8fd784', 'LeaveBill:1:4', '2020-07-03 06:53:33.760', '2020-07-06 05:33:19.534', '254385774', null, 'startevent1', 'endevent1', null, null, '', null);
INSERT INTO `act_hi_procinst` VALUES ('5', '5', 'LeaveBill:9feca1dc11ce43a48e760c59abf5bcb5', 'LeaveBill:1:4', '2020-07-03 06:40:55.953', '2020-07-03 06:43:02.403', '126450', null, 'startevent1', 'endevent1', null, null, '', null);

-- ----------------------------
-- Table structure for act_hi_taskinst
-- ----------------------------
DROP TABLE IF EXISTS `act_hi_taskinst`;
CREATE TABLE `act_hi_taskinst` (
  `ID_` varchar(64) COLLATE utf8_bin NOT NULL,
  `PROC_DEF_ID_` varchar(64) COLLATE utf8_bin DEFAULT NULL,
  `TASK_DEF_KEY_` varchar(255) COLLATE utf8_bin DEFAULT NULL,
  `PROC_INST_ID_` varchar(64) COLLATE utf8_bin DEFAULT NULL,
  `EXECUTION_ID_` varchar(64) COLLATE utf8_bin DEFAULT NULL,
  `NAME_` varchar(255) COLLATE utf8_bin DEFAULT NULL,
  `PARENT_TASK_ID_` varchar(64) COLLATE utf8_bin DEFAULT NULL,
  `DESCRIPTION_` varchar(4000) COLLATE utf8_bin DEFAULT NULL,
  `OWNER_` varchar(255) COLLATE utf8_bin DEFAULT NULL,
  `ASSIGNEE_` varchar(255) COLLATE utf8_bin DEFAULT NULL,
  `START_TIME_` datetime(3) NOT NULL,
  `CLAIM_TIME_` datetime(3) DEFAULT NULL,
  `END_TIME_` datetime(3) DEFAULT NULL,
  `DURATION_` bigint(20) DEFAULT NULL,
  `DELETE_REASON_` varchar(4000) COLLATE utf8_bin DEFAULT NULL,
  `PRIORITY_` int(11) DEFAULT NULL,
  `DUE_DATE_` datetime(3) DEFAULT NULL,
  `FORM_KEY_` varchar(255) COLLATE utf8_bin DEFAULT NULL,
  `CATEGORY_` varchar(255) COLLATE utf8_bin DEFAULT NULL,
  `TENANT_ID_` varchar(255) COLLATE utf8_bin DEFAULT '',
  PRIMARY KEY (`ID_`),
  KEY `ACT_IDX_HI_TASK_INST_PROCINST` (`PROC_INST_ID_`)
) ENGINE=InnoDB DEFAULT CHARSET=utf8 COLLATE=utf8_bin;

-- ----------------------------
-- Records of act_hi_taskinst
-- ----------------------------
INSERT INTO `act_hi_taskinst` VALUES ('14', 'LeaveBill:1:4', 'usertask2', '5', '5', '审批【上级领导】', null, null, null, '王五', '2020-07-03 06:41:09.549', null, '2020-07-03 06:42:02.253', '52704', 'completed', '50', null, null, null, '');
INSERT INTO `act_hi_taskinst` VALUES ('18', 'LeaveBill:1:4', 'usertask3', '5', '5', '审批【上上级领导】', null, null, null, '李四', '2020-07-03 06:42:02.262', null, '2020-07-03 06:43:02.395', '60133', 'completed', '50', null, null, null, '');
INSERT INTO `act_hi_taskinst` VALUES ('2503', 'LeaveBill:1:4', 'usertask2', '22', '22', '审批【上级领导】', null, null, null, '赵六', '2020-07-03 06:50:28.015', null, '2020-07-03 06:50:57.790', '29775', 'completed', '50', null, null, null, '');
INSERT INTO `act_hi_taskinst` VALUES ('2506', 'LeaveBill:1:4', 'usertask3', '22', '22', '审批【上上级领导】', null, null, null, '王五', '2020-07-03 06:50:57.793', null, '2020-07-03 06:51:35.276', '37483', 'completed', '50', null, null, null, '');
INSERT INTO `act_hi_taskinst` VALUES ('2513', 'LeaveBill:1:4', 'usertask1', '2509', '2509', '提交申请', null, null, null, '孙七', '2020-07-03 06:53:33.765', null, '2020-07-06 05:30:04.567', '254190802', 'completed', '50', null, null, null, '');
INSERT INTO `act_hi_taskinst` VALUES ('26', 'LeaveBill:1:4', 'usertask1', '22', '22', '提交申请', null, null, null, '孙七', '2020-07-03 06:45:52.313', null, '2020-07-03 06:46:09.983', '17670', 'completed', '50', null, null, null, '');
INSERT INTO `act_hi_taskinst` VALUES ('31', 'LeaveBill:1:4', 'usertask2', '22', '22', '审批【上级领导】', null, null, null, '赵六', '2020-07-03 06:46:09.987', null, '2020-07-03 06:46:52.135', '42148', 'completed', '50', null, null, null, '');
INSERT INTO `act_hi_taskinst` VALUES ('35', 'LeaveBill:1:4', 'usertask3', '22', '22', '审批【上上级领导】', null, null, null, '王五', '2020-07-03 06:46:52.139', null, '2020-07-03 06:47:40.064', '47925', 'completed', '50', null, null, null, '');
INSERT INTO `act_hi_taskinst` VALUES ('39', 'LeaveBill:1:4', 'usertask1', '22', '22', '提交申请', null, null, null, '孙七', '2020-07-03 06:47:40.068', null, '2020-07-03 06:50:28.006', '167938', 'completed', '50', null, null, null, '');
INSERT INTO `act_hi_taskinst` VALUES ('5004', 'LeaveBill:1:4', 'usertask2', '2509', '2509', '审批【上级领导】', null, null, null, '赵六', '2020-07-06 05:30:04.624', null, '2020-07-06 05:31:26.244', '81620', 'completed', '50', null, null, null, '');
INSERT INTO `act_hi_taskinst` VALUES ('5008', 'LeaveBill:1:4', 'usertask3', '2509', '2509', '审批【上上级领导】', null, null, null, '王五', '2020-07-06 05:31:26.247', null, '2020-07-06 05:32:31.114', '64867', 'completed', '50', null, null, null, '');
INSERT INTO `act_hi_taskinst` VALUES ('5012', 'LeaveBill:1:4', 'usertask1', '2509', '2509', '提交申请', null, null, null, '孙七', '2020-07-06 05:32:31.117', null, '2020-07-06 05:33:19.508', '48391', 'completed', '50', null, null, null, '');
INSERT INTO `act_hi_taskinst` VALUES ('9', 'LeaveBill:1:4', 'usertask1', '5', '5', '提交申请', null, null, null, '赵六', '2020-07-03 06:40:55.976', null, '2020-07-03 06:41:09.529', '13553', 'completed', '50', null, null, null, '');

-- ----------------------------
-- Table structure for act_hi_varinst
-- ----------------------------
DROP TABLE IF EXISTS `act_hi_varinst`;
CREATE TABLE `act_hi_varinst` (
  `ID_` varchar(64) COLLATE utf8_bin NOT NULL,
  `PROC_INST_ID_` varchar(64) COLLATE utf8_bin DEFAULT NULL,
  `EXECUTION_ID_` varchar(64) COLLATE utf8_bin DEFAULT NULL,
  `TASK_ID_` varchar(64) COLLATE utf8_bin DEFAULT NULL,
  `NAME_` varchar(255) COLLATE utf8_bin NOT NULL,
  `VAR_TYPE_` varchar(100) COLLATE utf8_bin DEFAULT NULL,
  `REV_` int(11) DEFAULT NULL,
  `BYTEARRAY_ID_` varchar(64) COLLATE utf8_bin DEFAULT NULL,
  `DOUBLE_` double DEFAULT NULL,
  `LONG_` bigint(20) DEFAULT NULL,
  `TEXT_` varchar(4000) COLLATE utf8_bin DEFAULT NULL,
  `TEXT2_` varchar(4000) COLLATE utf8_bin DEFAULT NULL,
  `CREATE_TIME_` datetime(3) DEFAULT NULL,
  `LAST_UPDATED_TIME_` datetime(3) DEFAULT NULL,
  PRIMARY KEY (`ID_`),
  KEY `ACT_IDX_HI_PROCVAR_PROC_INST` (`PROC_INST_ID_`),
  KEY `ACT_IDX_HI_PROCVAR_NAME_TYPE` (`NAME_`,`VAR_TYPE_`),
  KEY `ACT_IDX_HI_PROCVAR_TASK_ID` (`TASK_ID_`)
) ENGINE=InnoDB DEFAULT CHARSET=utf8 COLLATE=utf8_bin;

-- ----------------------------
-- Records of act_hi_varinst
-- ----------------------------
INSERT INTO `act_hi_varinst` VALUES ('12', '5', '5', null, 'outcome', 'string', '2', null, null, null, '同意', null, '2020-07-03 06:41:09.518', '2020-07-03 06:43:02.405');
INSERT INTO `act_hi_varinst` VALUES ('24', '22', '22', null, 'username', 'string', '1', null, null, null, '孙七', null, '2020-07-03 06:45:52.310', '2020-07-03 06:51:35.285');
INSERT INTO `act_hi_varinst` VALUES ('2511', '2509', '2509', null, 'username', 'string', '1', null, null, null, '孙七', null, '2020-07-03 06:53:33.760', '2020-07-06 05:33:19.536');
INSERT INTO `act_hi_varinst` VALUES ('29', '22', '22', null, 'outcome', 'string', '5', null, null, null, '同意', null, '2020-07-03 06:46:09.975', '2020-07-03 06:51:35.285');
INSERT INTO `act_hi_varinst` VALUES ('5002', '2509', '2509', null, 'outcome', 'string', '3', null, null, null, '放弃', null, '2020-07-06 05:30:04.548', '2020-07-06 05:33:19.536');
INSERT INTO `act_hi_varinst` VALUES ('7', '5', '5', null, 'username', 'string', '1', null, null, null, '赵六', null, '2020-07-03 06:40:55.954', '2020-07-03 06:43:02.405');

-- ----------------------------
-- Table structure for act_id_group
-- ----------------------------
DROP TABLE IF EXISTS `act_id_group`;
CREATE TABLE `act_id_group` (
  `ID_` varchar(64) COLLATE utf8_bin NOT NULL,
  `REV_` int(11) DEFAULT NULL,
  `NAME_` varchar(255) COLLATE utf8_bin DEFAULT NULL,
  `TYPE_` varchar(255) COLLATE utf8_bin DEFAULT NULL,
  PRIMARY KEY (`ID_`)
) ENGINE=InnoDB DEFAULT CHARSET=utf8 COLLATE=utf8_bin;

-- ----------------------------
-- Records of act_id_group
-- ----------------------------

-- ----------------------------
-- Table structure for act_id_info
-- ----------------------------
DROP TABLE IF EXISTS `act_id_info`;
CREATE TABLE `act_id_info` (
  `ID_` varchar(64) COLLATE utf8_bin NOT NULL,
  `REV_` int(11) DEFAULT NULL,
  `USER_ID_` varchar(64) COLLATE utf8_bin DEFAULT NULL,
  `TYPE_` varchar(64) COLLATE utf8_bin DEFAULT NULL,
  `KEY_` varchar(255) COLLATE utf8_bin DEFAULT NULL,
  `VALUE_` varchar(255) COLLATE utf8_bin DEFAULT NULL,
  `PASSWORD_` longblob,
  `PARENT_ID_` varchar(255) COLLATE utf8_bin DEFAULT NULL,
  PRIMARY KEY (`ID_`)
) ENGINE=InnoDB DEFAULT CHARSET=utf8 COLLATE=utf8_bin;

-- ----------------------------
-- Records of act_id_info
-- ----------------------------

-- ----------------------------
-- Table structure for act_id_membership
-- ----------------------------
DROP TABLE IF EXISTS `act_id_membership`;
CREATE TABLE `act_id_membership` (
  `USER_ID_` varchar(64) COLLATE utf8_bin NOT NULL,
  `GROUP_ID_` varchar(64) COLLATE utf8_bin NOT NULL,
  PRIMARY KEY (`USER_ID_`,`GROUP_ID_`),
  KEY `ACT_FK_MEMB_GROUP` (`GROUP_ID_`),
  CONSTRAINT `ACT_FK_MEMB_GROUP` FOREIGN KEY (`GROUP_ID_`) REFERENCES `act_id_group` (`ID_`),
  CONSTRAINT `ACT_FK_MEMB_USER` FOREIGN KEY (`USER_ID_`) REFERENCES `act_id_user` (`ID_`)
) ENGINE=InnoDB DEFAULT CHARSET=utf8 COLLATE=utf8_bin;

-- ----------------------------
-- Records of act_id_membership
-- ----------------------------

-- ----------------------------
-- Table structure for act_id_user
-- ----------------------------
DROP TABLE IF EXISTS `act_id_user`;
CREATE TABLE `act_id_user` (
  `ID_` varchar(64) COLLATE utf8_bin NOT NULL,
  `REV_` int(11) DEFAULT NULL,
  `FIRST_` varchar(255) COLLATE utf8_bin DEFAULT NULL,
  `LAST_` varchar(255) COLLATE utf8_bin DEFAULT NULL,
  `EMAIL_` varchar(255) COLLATE utf8_bin DEFAULT NULL,
  `PWD_` varchar(255) COLLATE utf8_bin DEFAULT NULL,
  `PICTURE_ID_` varchar(64) COLLATE utf8_bin DEFAULT NULL,
  PRIMARY KEY (`ID_`)
) ENGINE=InnoDB DEFAULT CHARSET=utf8 COLLATE=utf8_bin;

-- ----------------------------
-- Records of act_id_user
-- ----------------------------

-- ----------------------------
-- Table structure for act_procdef_info
-- ----------------------------
DROP TABLE IF EXISTS `act_procdef_info`;
CREATE TABLE `act_procdef_info` (
  `ID_` varchar(64) COLLATE utf8_bin NOT NULL,
  `PROC_DEF_ID_` varchar(64) COLLATE utf8_bin NOT NULL,
  `REV_` int(11) DEFAULT NULL,
  `INFO_JSON_ID_` varchar(64) COLLATE utf8_bin DEFAULT NULL,
  PRIMARY KEY (`ID_`),
  UNIQUE KEY `ACT_UNIQ_INFO_PROCDEF` (`PROC_DEF_ID_`),
  KEY `ACT_IDX_INFO_PROCDEF` (`PROC_DEF_ID_`),
  KEY `ACT_FK_INFO_JSON_BA` (`INFO_JSON_ID_`),
  CONSTRAINT `ACT_FK_INFO_JSON_BA` FOREIGN KEY (`INFO_JSON_ID_`) REFERENCES `act_ge_bytearray` (`ID_`),
  CONSTRAINT `ACT_FK_INFO_PROCDEF` FOREIGN KEY (`PROC_DEF_ID_`) REFERENCES `act_re_procdef` (`ID_`)
) ENGINE=InnoDB DEFAULT CHARSET=utf8 COLLATE=utf8_bin;

-- ----------------------------
-- Records of act_procdef_info
-- ----------------------------

-- ----------------------------
-- Table structure for act_re_deployment
-- ----------------------------
DROP TABLE IF EXISTS `act_re_deployment`;
CREATE TABLE `act_re_deployment` (
  `ID_` varchar(64) COLLATE utf8_bin NOT NULL,
  `NAME_` varchar(255) COLLATE utf8_bin DEFAULT NULL,
  `CATEGORY_` varchar(255) COLLATE utf8_bin DEFAULT NULL,
  `TENANT_ID_` varchar(255) COLLATE utf8_bin DEFAULT '',
  `DEPLOY_TIME_` timestamp(3) NULL DEFAULT NULL,
  PRIMARY KEY (`ID_`)
) ENGINE=InnoDB DEFAULT CHARSET=utf8 COLLATE=utf8_bin;

-- ----------------------------
-- Records of act_re_deployment
-- ----------------------------
INSERT INTO `act_re_deployment` VALUES ('1', '请假单001', null, '', '2020-07-03 06:40:19.361');

-- ----------------------------
-- Table structure for act_re_model
-- ----------------------------
DROP TABLE IF EXISTS `act_re_model`;
CREATE TABLE `act_re_model` (
  `ID_` varchar(64) COLLATE utf8_bin NOT NULL,
  `REV_` int(11) DEFAULT NULL,
  `NAME_` varchar(255) COLLATE utf8_bin DEFAULT NULL,
  `KEY_` varchar(255) COLLATE utf8_bin DEFAULT NULL,
  `CATEGORY_` varchar(255) COLLATE utf8_bin DEFAULT NULL,
  `CREATE_TIME_` timestamp(3) NULL DEFAULT NULL,
  `LAST_UPDATE_TIME_` timestamp(3) NULL DEFAULT NULL,
  `VERSION_` int(11) DEFAULT NULL,
  `META_INFO_` varchar(4000) COLLATE utf8_bin DEFAULT NULL,
  `DEPLOYMENT_ID_` varchar(64) COLLATE utf8_bin DEFAULT NULL,
  `EDITOR_SOURCE_VALUE_ID_` varchar(64) COLLATE utf8_bin DEFAULT NULL,
  `EDITOR_SOURCE_EXTRA_VALUE_ID_` varchar(64) COLLATE utf8_bin DEFAULT NULL,
  `TENANT_ID_` varchar(255) COLLATE utf8_bin DEFAULT '',
  PRIMARY KEY (`ID_`),
  KEY `ACT_FK_MODEL_SOURCE` (`EDITOR_SOURCE_VALUE_ID_`),
  KEY `ACT_FK_MODEL_SOURCE_EXTRA` (`EDITOR_SOURCE_EXTRA_VALUE_ID_`),
  KEY `ACT_FK_MODEL_DEPLOYMENT` (`DEPLOYMENT_ID_`),
  CONSTRAINT `ACT_FK_MODEL_DEPLOYMENT` FOREIGN KEY (`DEPLOYMENT_ID_`) REFERENCES `act_re_deployment` (`ID_`),
  CONSTRAINT `ACT_FK_MODEL_SOURCE` FOREIGN KEY (`EDITOR_SOURCE_VALUE_ID_`) REFERENCES `act_ge_bytearray` (`ID_`),
  CONSTRAINT `ACT_FK_MODEL_SOURCE_EXTRA` FOREIGN KEY (`EDITOR_SOURCE_EXTRA_VALUE_ID_`) REFERENCES `act_ge_bytearray` (`ID_`)
) ENGINE=InnoDB DEFAULT CHARSET=utf8 COLLATE=utf8_bin;

-- ----------------------------
-- Records of act_re_model
-- ----------------------------

-- ----------------------------
-- Table structure for act_re_procdef
-- ----------------------------
DROP TABLE IF EXISTS `act_re_procdef`;
CREATE TABLE `act_re_procdef` (
  `ID_` varchar(64) COLLATE utf8_bin NOT NULL,
  `REV_` int(11) DEFAULT NULL,
  `CATEGORY_` varchar(255) COLLATE utf8_bin DEFAULT NULL,
  `NAME_` varchar(255) COLLATE utf8_bin DEFAULT NULL,
  `KEY_` varchar(255) COLLATE utf8_bin NOT NULL,
  `VERSION_` int(11) NOT NULL,
  `DEPLOYMENT_ID_` varchar(64) COLLATE utf8_bin DEFAULT NULL,
  `RESOURCE_NAME_` varchar(4000) COLLATE utf8_bin DEFAULT NULL,
  `DGRM_RESOURCE_NAME_` varchar(4000) COLLATE utf8_bin DEFAULT NULL,
  `DESCRIPTION_` varchar(4000) COLLATE utf8_bin DEFAULT NULL,
  `HAS_START_FORM_KEY_` tinyint(4) DEFAULT NULL,
  `HAS_GRAPHICAL_NOTATION_` tinyint(4) DEFAULT NULL,
  `SUSPENSION_STATE_` int(11) DEFAULT NULL,
  `TENANT_ID_` varchar(255) COLLATE utf8_bin DEFAULT '',
  PRIMARY KEY (`ID_`),
  UNIQUE KEY `ACT_UNIQ_PROCDEF` (`KEY_`,`VERSION_`,`TENANT_ID_`)
) ENGINE=InnoDB DEFAULT CHARSET=utf8 COLLATE=utf8_bin;

-- ----------------------------
-- Records of act_re_procdef
-- ----------------------------
INSERT INTO `act_re_procdef` VALUES ('LeaveBill:1:4', '1', 'http://www.activiti.org/test', 'LeaveBill', 'LeaveBill', '1', '1', 'LeaveBill/LeaveBill.bpmn', 'LeaveBill/LeaveBill.png', null, '0', '1', '1', '');

-- ----------------------------
-- Table structure for act_ru_event_subscr
-- ----------------------------
DROP TABLE IF EXISTS `act_ru_event_subscr`;
CREATE TABLE `act_ru_event_subscr` (
  `ID_` varchar(64) COLLATE utf8_bin NOT NULL,
  `REV_` int(11) DEFAULT NULL,
  `EVENT_TYPE_` varchar(255) COLLATE utf8_bin NOT NULL,
  `EVENT_NAME_` varchar(255) COLLATE utf8_bin DEFAULT NULL,
  `EXECUTION_ID_` varchar(64) COLLATE utf8_bin DEFAULT NULL,
  `PROC_INST_ID_` varchar(64) COLLATE utf8_bin DEFAULT NULL,
  `ACTIVITY_ID_` varchar(64) COLLATE utf8_bin DEFAULT NULL,
  `CONFIGURATION_` varchar(255) COLLATE utf8_bin DEFAULT NULL,
  `CREATED_` timestamp(3) NOT NULL DEFAULT CURRENT_TIMESTAMP(3),
  `PROC_DEF_ID_` varchar(64) COLLATE utf8_bin DEFAULT NULL,
  `TENANT_ID_` varchar(255) COLLATE utf8_bin DEFAULT '',
  PRIMARY KEY (`ID_`),
  KEY `ACT_IDX_EVENT_SUBSCR_CONFIG_` (`CONFIGURATION_`),
  KEY `ACT_FK_EVENT_EXEC` (`EXECUTION_ID_`),
  CONSTRAINT `ACT_FK_EVENT_EXEC` FOREIGN KEY (`EXECUTION_ID_`) REFERENCES `act_ru_execution` (`ID_`)
) ENGINE=InnoDB DEFAULT CHARSET=utf8 COLLATE=utf8_bin;

-- ----------------------------
-- Records of act_ru_event_subscr
-- ----------------------------

-- ----------------------------
-- Table structure for act_ru_execution
-- ----------------------------
DROP TABLE IF EXISTS `act_ru_execution`;
CREATE TABLE `act_ru_execution` (
  `ID_` varchar(64) COLLATE utf8_bin NOT NULL,
  `REV_` int(11) DEFAULT NULL,
  `PROC_INST_ID_` varchar(64) COLLATE utf8_bin DEFAULT NULL,
  `BUSINESS_KEY_` varchar(255) COLLATE utf8_bin DEFAULT NULL,
  `PARENT_ID_` varchar(64) COLLATE utf8_bin DEFAULT NULL,
  `PROC_DEF_ID_` varchar(64) COLLATE utf8_bin DEFAULT NULL,
  `SUPER_EXEC_` varchar(64) COLLATE utf8_bin DEFAULT NULL,
  `ACT_ID_` varchar(255) COLLATE utf8_bin DEFAULT NULL,
  `IS_ACTIVE_` tinyint(4) DEFAULT NULL,
  `IS_CONCURRENT_` tinyint(4) DEFAULT NULL,
  `IS_SCOPE_` tinyint(4) DEFAULT NULL,
  `IS_EVENT_SCOPE_` tinyint(4) DEFAULT NULL,
  `SUSPENSION_STATE_` int(11) DEFAULT NULL,
  `CACHED_ENT_STATE_` int(11) DEFAULT NULL,
  `TENANT_ID_` varchar(255) COLLATE utf8_bin DEFAULT '',
  `NAME_` varchar(255) COLLATE utf8_bin DEFAULT NULL,
  `LOCK_TIME_` timestamp(3) NULL DEFAULT NULL,
  PRIMARY KEY (`ID_`),
  KEY `ACT_IDX_EXEC_BUSKEY` (`BUSINESS_KEY_`),
  KEY `ACT_FK_EXE_PROCINST` (`PROC_INST_ID_`),
  KEY `ACT_FK_EXE_PARENT` (`PARENT_ID_`),
  KEY `ACT_FK_EXE_SUPER` (`SUPER_EXEC_`),
  KEY `ACT_FK_EXE_PROCDEF` (`PROC_DEF_ID_`),
  CONSTRAINT `ACT_FK_EXE_PARENT` FOREIGN KEY (`PARENT_ID_`) REFERENCES `act_ru_execution` (`ID_`),
  CONSTRAINT `ACT_FK_EXE_PROCDEF` FOREIGN KEY (`PROC_DEF_ID_`) REFERENCES `act_re_procdef` (`ID_`),
  CONSTRAINT `ACT_FK_EXE_PROCINST` FOREIGN KEY (`PROC_INST_ID_`) REFERENCES `act_ru_execution` (`ID_`) ON DELETE CASCADE ON UPDATE CASCADE,
  CONSTRAINT `ACT_FK_EXE_SUPER` FOREIGN KEY (`SUPER_EXEC_`) REFERENCES `act_ru_execution` (`ID_`)
) ENGINE=InnoDB DEFAULT CHARSET=utf8 COLLATE=utf8_bin;

-- ----------------------------
-- Records of act_ru_execution
-- ----------------------------

-- ----------------------------
-- Table structure for act_ru_identitylink
-- ----------------------------
DROP TABLE IF EXISTS `act_ru_identitylink`;
CREATE TABLE `act_ru_identitylink` (
  `ID_` varchar(64) COLLATE utf8_bin NOT NULL,
  `REV_` int(11) DEFAULT NULL,
  `GROUP_ID_` varchar(255) COLLATE utf8_bin DEFAULT NULL,
  `TYPE_` varchar(255) COLLATE utf8_bin DEFAULT NULL,
  `USER_ID_` varchar(255) COLLATE utf8_bin DEFAULT NULL,
  `TASK_ID_` varchar(64) COLLATE utf8_bin DEFAULT NULL,
  `PROC_INST_ID_` varchar(64) COLLATE utf8_bin DEFAULT NULL,
  `PROC_DEF_ID_` varchar(64) COLLATE utf8_bin DEFAULT NULL,
  PRIMARY KEY (`ID_`),
  KEY `ACT_IDX_IDENT_LNK_USER` (`USER_ID_`),
  KEY `ACT_IDX_IDENT_LNK_GROUP` (`GROUP_ID_`),
  KEY `ACT_IDX_ATHRZ_PROCEDEF` (`PROC_DEF_ID_`),
  KEY `ACT_FK_TSKASS_TASK` (`TASK_ID_`),
  KEY `ACT_FK_IDL_PROCINST` (`PROC_INST_ID_`),
  CONSTRAINT `ACT_FK_ATHRZ_PROCEDEF` FOREIGN KEY (`PROC_DEF_ID_`) REFERENCES `act_re_procdef` (`ID_`),
  CONSTRAINT `ACT_FK_IDL_PROCINST` FOREIGN KEY (`PROC_INST_ID_`) REFERENCES `act_ru_execution` (`ID_`),
  CONSTRAINT `ACT_FK_TSKASS_TASK` FOREIGN KEY (`TASK_ID_`) REFERENCES `act_ru_task` (`ID_`)
) ENGINE=InnoDB DEFAULT CHARSET=utf8 COLLATE=utf8_bin;

-- ----------------------------
-- Records of act_ru_identitylink
-- ----------------------------

-- ----------------------------
-- Table structure for act_ru_job
-- ----------------------------
DROP TABLE IF EXISTS `act_ru_job`;
CREATE TABLE `act_ru_job` (
  `ID_` varchar(64) COLLATE utf8_bin NOT NULL,
  `REV_` int(11) DEFAULT NULL,
  `TYPE_` varchar(255) COLLATE utf8_bin NOT NULL,
  `LOCK_EXP_TIME_` timestamp(3) NULL DEFAULT NULL,
  `LOCK_OWNER_` varchar(255) COLLATE utf8_bin DEFAULT NULL,
  `EXCLUSIVE_` tinyint(1) DEFAULT NULL,
  `EXECUTION_ID_` varchar(64) COLLATE utf8_bin DEFAULT NULL,
  `PROCESS_INSTANCE_ID_` varchar(64) COLLATE utf8_bin DEFAULT NULL,
  `PROC_DEF_ID_` varchar(64) COLLATE utf8_bin DEFAULT NULL,
  `RETRIES_` int(11) DEFAULT NULL,
  `EXCEPTION_STACK_ID_` varchar(64) COLLATE utf8_bin DEFAULT NULL,
  `EXCEPTION_MSG_` varchar(4000) COLLATE utf8_bin DEFAULT NULL,
  `DUEDATE_` timestamp(3) NULL DEFAULT NULL,
  `REPEAT_` varchar(255) COLLATE utf8_bin DEFAULT NULL,
  `HANDLER_TYPE_` varchar(255) COLLATE utf8_bin DEFAULT NULL,
  `HANDLER_CFG_` varchar(4000) COLLATE utf8_bin DEFAULT NULL,
  `TENANT_ID_` varchar(255) COLLATE utf8_bin DEFAULT '',
  PRIMARY KEY (`ID_`),
  KEY `ACT_FK_JOB_EXCEPTION` (`EXCEPTION_STACK_ID_`),
  CONSTRAINT `ACT_FK_JOB_EXCEPTION` FOREIGN KEY (`EXCEPTION_STACK_ID_`) REFERENCES `act_ge_bytearray` (`ID_`)
) ENGINE=InnoDB DEFAULT CHARSET=utf8 COLLATE=utf8_bin;

-- ----------------------------
-- Records of act_ru_job
-- ----------------------------

-- ----------------------------
-- Table structure for act_ru_task
-- ----------------------------
DROP TABLE IF EXISTS `act_ru_task`;
CREATE TABLE `act_ru_task` (
  `ID_` varchar(64) COLLATE utf8_bin NOT NULL,
  `REV_` int(11) DEFAULT NULL,
  `EXECUTION_ID_` varchar(64) COLLATE utf8_bin DEFAULT NULL,
  `PROC_INST_ID_` varchar(64) COLLATE utf8_bin DEFAULT NULL,
  `PROC_DEF_ID_` varchar(64) COLLATE utf8_bin DEFAULT NULL,
  `NAME_` varchar(255) COLLATE utf8_bin DEFAULT NULL,
  `PARENT_TASK_ID_` varchar(64) COLLATE utf8_bin DEFAULT NULL,
  `DESCRIPTION_` varchar(4000) COLLATE utf8_bin DEFAULT NULL,
  `TASK_DEF_KEY_` varchar(255) COLLATE utf8_bin DEFAULT NULL,
  `OWNER_` varchar(255) COLLATE utf8_bin DEFAULT NULL,
  `ASSIGNEE_` varchar(255) COLLATE utf8_bin DEFAULT NULL,
  `DELEGATION_` varchar(64) COLLATE utf8_bin DEFAULT NULL,
  `PRIORITY_` int(11) DEFAULT NULL,
  `CREATE_TIME_` timestamp(3) NULL DEFAULT NULL,
  `DUE_DATE_` datetime(3) DEFAULT NULL,
  `CATEGORY_` varchar(255) COLLATE utf8_bin DEFAULT NULL,
  `SUSPENSION_STATE_` int(11) DEFAULT NULL,
  `TENANT_ID_` varchar(255) COLLATE utf8_bin DEFAULT '',
  `FORM_KEY_` varchar(255) COLLATE utf8_bin DEFAULT NULL,
  PRIMARY KEY (`ID_`),
  KEY `ACT_IDX_TASK_CREATE` (`CREATE_TIME_`),
  KEY `ACT_FK_TASK_EXE` (`EXECUTION_ID_`),
  KEY `ACT_FK_TASK_PROCINST` (`PROC_INST_ID_`),
  KEY `ACT_FK_TASK_PROCDEF` (`PROC_DEF_ID_`),
  CONSTRAINT `ACT_FK_TASK_EXE` FOREIGN KEY (`EXECUTION_ID_`) REFERENCES `act_ru_execution` (`ID_`),
  CONSTRAINT `ACT_FK_TASK_PROCDEF` FOREIGN KEY (`PROC_DEF_ID_`) REFERENCES `act_re_procdef` (`ID_`),
  CONSTRAINT `ACT_FK_TASK_PROCINST` FOREIGN KEY (`PROC_INST_ID_`) REFERENCES `act_ru_execution` (`ID_`)
) ENGINE=InnoDB DEFAULT CHARSET=utf8 COLLATE=utf8_bin;

-- ----------------------------
-- Records of act_ru_task
-- ----------------------------

-- ----------------------------
-- Table structure for act_ru_variable
-- ----------------------------
DROP TABLE IF EXISTS `act_ru_variable`;
CREATE TABLE `act_ru_variable` (
  `ID_` varchar(64) COLLATE utf8_bin NOT NULL,
  `REV_` int(11) DEFAULT NULL,
  `TYPE_` varchar(255) COLLATE utf8_bin NOT NULL,
  `NAME_` varchar(255) COLLATE utf8_bin NOT NULL,
  `EXECUTION_ID_` varchar(64) COLLATE utf8_bin DEFAULT NULL,
  `PROC_INST_ID_` varchar(64) COLLATE utf8_bin DEFAULT NULL,
  `TASK_ID_` varchar(64) COLLATE utf8_bin DEFAULT NULL,
  `BYTEARRAY_ID_` varchar(64) COLLATE utf8_bin DEFAULT NULL,
  `DOUBLE_` double DEFAULT NULL,
  `LONG_` bigint(20) DEFAULT NULL,
  `TEXT_` varchar(4000) COLLATE utf8_bin DEFAULT NULL,
  `TEXT2_` varchar(4000) COLLATE utf8_bin DEFAULT NULL,
  PRIMARY KEY (`ID_`),
  KEY `ACT_IDX_VARIABLE_TASK_ID` (`TASK_ID_`),
  KEY `ACT_FK_VAR_EXE` (`EXECUTION_ID_`),
  KEY `ACT_FK_VAR_PROCINST` (`PROC_INST_ID_`),
  KEY `ACT_FK_VAR_BYTEARRAY` (`BYTEARRAY_ID_`),
  CONSTRAINT `ACT_FK_VAR_BYTEARRAY` FOREIGN KEY (`BYTEARRAY_ID_`) REFERENCES `act_ge_bytearray` (`ID_`),
  CONSTRAINT `ACT_FK_VAR_EXE` FOREIGN KEY (`EXECUTION_ID_`) REFERENCES `act_ru_execution` (`ID_`),
  CONSTRAINT `ACT_FK_VAR_PROCINST` FOREIGN KEY (`PROC_INST_ID_`) REFERENCES `act_ru_execution` (`ID_`)
) ENGINE=InnoDB DEFAULT CHARSET=utf8 COLLATE=utf8_bin;

-- ----------------------------
-- Records of act_ru_variable
-- ----------------------------

-- ----------------------------
-- Table structure for bus_customer
-- ----------------------------
DROP TABLE IF EXISTS `bus_customer`;
CREATE TABLE `bus_customer` (
  `id` int(11) NOT NULL AUTO_INCREMENT,
  `customername` varchar(255) DEFAULT NULL,
  `zip` varchar(255) DEFAULT NULL,
  `address` varchar(255) DEFAULT NULL,
  `telephone` varchar(255) DEFAULT NULL,
  `connectionperson` varchar(255) DEFAULT NULL,
  `phone` varchar(255) DEFAULT NULL,
  `bank` varchar(255) DEFAULT NULL,
  `account` varchar(255) DEFAULT NULL,
  `email` varchar(255) DEFAULT NULL,
  `fax` varchar(255) DEFAULT NULL,
  `available` int(11) DEFAULT NULL,
  PRIMARY KEY (`id`) USING BTREE
) ENGINE=InnoDB AUTO_INCREMENT=7 DEFAULT CHARSET=utf8 ROW_FORMAT=DYNAMIC;

-- ----------------------------
-- Records of bus_customer
-- ----------------------------
INSERT INTO `bus_customer` VALUES ('1', '小张超市', '111', '武汉', '027-9123131', '张大明', '13812312312321312', '中国银行', '654431331343413', '213123@sina.com', '430000', '1');
INSERT INTO `bus_customer` VALUES ('2', '小明超市', '222', '深圳', '0755-9123131', '张小明', '13812312312321312', '中国银行', '654431331343413', '213123@sina.com', '430000', '1');
INSERT INTO `bus_customer` VALUES ('3', '快七超市1', '430000', '武汉', '027-11011011', '雷生', '13434134131', '招商银行', '6543123341334133', '6666@66.com', '545341', '1');
INSERT INTO `bus_customer` VALUES ('6', '11', '11', '11', '11', '11', '11', '11', '11', '11', '11', '1');

-- ----------------------------
-- Table structure for bus_goods
-- ----------------------------
DROP TABLE IF EXISTS `bus_goods`;
CREATE TABLE `bus_goods` (
  `id` int(11) NOT NULL AUTO_INCREMENT,
  `goodsname` varchar(255) DEFAULT NULL,
  `produceplace` varchar(255) DEFAULT NULL,
  `size` varchar(255) DEFAULT NULL,
  `goodspackage` varchar(255) DEFAULT NULL,
  `productcode` varchar(255) DEFAULT NULL,
  `promitcode` varchar(255) DEFAULT NULL,
  `description` varchar(255) DEFAULT NULL,
  `price` double DEFAULT NULL,
  `number` int(11) DEFAULT NULL,
  `dangernum` int(11) DEFAULT NULL,
  `goodsimg` varchar(255) DEFAULT NULL,
  `available` int(11) DEFAULT NULL,
  `providerid` int(11) DEFAULT NULL,
  PRIMARY KEY (`id`) USING BTREE,
  KEY `FK_sq0btr2v2lq8gt8b4gb8tlk0i` (`providerid`) USING BTREE,
  CONSTRAINT `bus_goods_ibfk_1` FOREIGN KEY (`providerid`) REFERENCES `bus_provider` (`id`)
) ENGINE=InnoDB AUTO_INCREMENT=10 DEFAULT CHARSET=utf8 ROW_FORMAT=DYNAMIC;

-- ----------------------------
-- Records of bus_goods
-- ----------------------------
INSERT INTO `bus_goods` VALUES ('1', '娃哈哈', '武汉', '120ML', '瓶', 'PH12345', 'PZ1234', '小孩子都爱的', '2', '488', '10', '2018-12-25/userface1.jpg', '1', '3');
INSERT INTO `bus_goods` VALUES ('2', '旺旺雪饼[小包]', '仙桃', '包', '袋', 'PH12312312', 'PZ12312', '好吃不上火', '4', '1099', '10', '2018-12-25/userface2.jpg', '1', '1');
INSERT INTO `bus_goods` VALUES ('3', '旺旺大礼包', '仙桃', '盒', '盒', '11', '11', '111', '28', '991', '100', '2018-12-25/userface3.jpg', '1', '1');
INSERT INTO `bus_goods` VALUES ('4', '娃哈哈', '武汉', '200ML', '瓶', '11', '111', '12321', '3', '1100', '10', '2018-12-25/userface4.jpg', '1', '3');
INSERT INTO `bus_goods` VALUES ('5', '娃哈哈', '武汉', '300ML', '瓶', '1234', '12321', '22221111', '3', '1000', '100', '2018-12-25/userface5.jpg', '1', '3');
INSERT INTO `bus_goods` VALUES ('6', '212', '212', '212', '212', '212', '212', '212', '212', '121221', '212', '2020-02-29/C48FCE41197C41DFB9CADE30520E16C4.jpg', '1', '1');
INSERT INTO `bus_goods` VALUES ('7', '312', '312', '312', '312', '312', '3123', '321', '312', '344', '312', '2020-02-29/C0402CB5F71D4BAFA5CD0CDA0B91EB5F.jpg', '1', '2');
INSERT INTO `bus_goods` VALUES ('8', 'eqw3', '3123', '23112', '3123', '312', '312', '3123', '312', '310', '312', '2020-02-29/87CBCB868B634506AA9FEF4D20C8976D.jpg', '1', '3');
INSERT INTO `bus_goods` VALUES ('9', '11', '11', '11', '11', '11', '11', '11', '11', '11', '11', '2020-04-21/38830DA8BFDE4A90B5131130778561CF.jpg', '1', '4');

-- ----------------------------
-- Table structure for bus_inport
-- ----------------------------
DROP TABLE IF EXISTS `bus_inport`;
CREATE TABLE `bus_inport` (
  `id` int(11) NOT NULL AUTO_INCREMENT,
  `paytype` varchar(255) DEFAULT NULL,
  `inporttime` datetime DEFAULT NULL,
  `operateperson` varchar(255) DEFAULT NULL,
  `number` int(11) DEFAULT NULL,
  `remark` varchar(255) DEFAULT NULL,
  `inportprice` double DEFAULT NULL,
  `providerid` int(11) DEFAULT NULL,
  `goodsid` int(11) DEFAULT NULL,
  PRIMARY KEY (`id`) USING BTREE,
  KEY `FK_1o4bujsyd2kl4iqw48fie224v` (`providerid`) USING BTREE,
  KEY `FK_ho29poeu4o2dxu4rg1ammeaql` (`goodsid`) USING BTREE,
  CONSTRAINT `bus_inport_ibfk_1` FOREIGN KEY (`providerid`) REFERENCES `bus_provider` (`id`),
  CONSTRAINT `bus_inport_ibfk_2` FOREIGN KEY (`goodsid`) REFERENCES `bus_goods` (`id`)
) ENGINE=InnoDB AUTO_INCREMENT=15 DEFAULT CHARSET=utf8 ROW_FORMAT=DYNAMIC;

-- ----------------------------
-- Records of bus_inport
-- ----------------------------
INSERT INTO `bus_inport` VALUES ('1', '微信', '2018-05-07 00:00:00', '张三', '100', '备注', '3.5', '1', '1');
INSERT INTO `bus_inport` VALUES ('2', '支付宝', '2018-05-07 00:00:00', '张三', '1000', '无', '2.5', '3', '3');
INSERT INTO `bus_inport` VALUES ('3', '银联', '2018-05-07 00:00:00', '张三', '100', '1231', '111', '3', '3');
INSERT INTO `bus_inport` VALUES ('4', '银联', '2018-05-07 00:00:00', '张三', '1000', '无', '2', '3', '1');
INSERT INTO `bus_inport` VALUES ('5', '银联', '2018-05-07 00:00:00', '张三', '100', '无', '1', '3', '1');
INSERT INTO `bus_inport` VALUES ('6', '银联', '2018-05-07 00:00:00', '张三', '100', '1231', '2.5', '1', '2');
INSERT INTO `bus_inport` VALUES ('10', '支付宝', '2018-08-07 17:17:57', '超级管理员', '100', 'sadfasfdsa', '1.5', '3', '1');
INSERT INTO `bus_inport` VALUES ('11', '支付宝', '2018-09-17 16:12:25', '超级管理员', '21', '21', '21', '1', '3');
INSERT INTO `bus_inport` VALUES ('12', '微信', '2018-12-25 16:48:24', '超级管理员', '100', '123213213', '12321321', '3', '1');
INSERT INTO `bus_inport` VALUES ('14', '支付宝', '2020-02-29 13:48:27', '超级管理员', '32', '423423', '324', '2', '7');

-- ----------------------------
-- Table structure for bus_outport
-- ----------------------------
DROP TABLE IF EXISTS `bus_outport`;
CREATE TABLE `bus_outport` (
  `id` int(11) NOT NULL AUTO_INCREMENT,
  `providerid` int(11) DEFAULT NULL,
  `paytype` varchar(255) DEFAULT NULL,
  `outputtime` datetime DEFAULT NULL,
  `operateperson` varchar(255) DEFAULT NULL,
  `outportprice` double(10,2) DEFAULT NULL,
  `number` int(11) DEFAULT NULL,
  `remark` varchar(255) DEFAULT NULL,
  `goodsid` int(11) DEFAULT NULL,
  PRIMARY KEY (`id`) USING BTREE
) ENGINE=InnoDB AUTO_INCREMENT=6 DEFAULT CHARSET=utf8 ROW_FORMAT=DYNAMIC;

-- ----------------------------
-- Records of bus_outport
-- ----------------------------
INSERT INTO `bus_outport` VALUES ('1', '3', '微信', '2019-08-16 08:19:50', '超级管理员', '12321321.00', '1', '', '1');
INSERT INTO `bus_outport` VALUES ('2', '3', '微信', '2019-08-16 08:26:54', '超级管理员', '12321321.00', '11', '11', '1');
INSERT INTO `bus_outport` VALUES ('3', '3', '银联', '2020-03-01 05:07:55', '超级管理员', '332.00', '3', '321312', '8');
INSERT INTO `bus_outport` VALUES ('4', '3', '银联', '2020-03-01 05:13:12', '超级管理员', '332.00', '3', '32321', '8');
INSERT INTO `bus_outport` VALUES ('5', '3', '微信', '2020-03-01 05:17:37', '超级管理员', '332.00', '1', '213', '8');

-- ----------------------------
-- Table structure for bus_provider
-- ----------------------------
DROP TABLE IF EXISTS `bus_provider`;
CREATE TABLE `bus_provider` (
  `id` int(11) NOT NULL AUTO_INCREMENT,
  `providername` varchar(255) DEFAULT NULL,
  `zip` varchar(255) DEFAULT NULL,
  `address` varchar(255) DEFAULT NULL,
  `telephone` varchar(255) DEFAULT NULL,
  `connectionperson` varchar(255) DEFAULT NULL,
  `phone` varchar(255) DEFAULT NULL,
  `bank` varchar(255) DEFAULT NULL,
  `account` varchar(255) DEFAULT NULL,
  `email` varchar(255) DEFAULT NULL,
  `fax` varchar(255) DEFAULT NULL,
  `available` int(11) DEFAULT NULL,
  PRIMARY KEY (`id`) USING BTREE
) ENGINE=InnoDB AUTO_INCREMENT=5 DEFAULT CHARSET=utf8 ROW_FORMAT=DYNAMIC;

-- ----------------------------
-- Records of bus_provider
-- ----------------------------
INSERT INTO `bus_provider` VALUES ('1', '旺旺食品', '434000', '仙桃', '0728-4124312', '小明', '13413441141', '中国农业银行', '654124345131', '12312321@sina.com', '5123123', '1');
INSERT INTO `bus_provider` VALUES ('2', '达利园食品', '430000', '汉川', '0728-4124312', '大明', '13413441141', '中国农业银行', '654124345131', '12312321@sina.com', '5123123', '1');
INSERT INTO `bus_provider` VALUES ('3', '娃哈哈集团', '513131', '杭州', '21312', '小晨', '12312', '建设银行', '512314141541', '123131', '312312', '1');
INSERT INTO `bus_provider` VALUES ('4', '11', '11', '11', '11', '11', '11', '11', '11', '11', '11', '1');

-- ----------------------------
-- Table structure for bus_sales
-- ----------------------------
DROP TABLE IF EXISTS `bus_sales`;
CREATE TABLE `bus_sales` (
  `id` int(11) NOT NULL AUTO_INCREMENT,
  `customerid` int(11) DEFAULT NULL,
  `paytype` varchar(255) DEFAULT NULL,
  `salestime` datetime DEFAULT NULL,
  `operateperson` varchar(255) DEFAULT NULL,
  `number` int(11) DEFAULT NULL,
  `remark` varchar(255) DEFAULT NULL,
  `saleprice` decimal(10,2) DEFAULT NULL,
  `goodsid` int(11) DEFAULT NULL,
  PRIMARY KEY (`id`) USING BTREE,
  KEY `FK_32424syd2kl4iqw48fie224v` (`customerid`) USING BTREE,
  KEY `FK_h4324dsu4o2dxu4rg1ammeaql` (`goodsid`) USING BTREE,
  CONSTRAINT `bus_inport_ibfk_3` FOREIGN KEY (`customerid`) REFERENCES `bus_customer` (`id`),
  CONSTRAINT `bus_inport_ibfk_4` FOREIGN KEY (`goodsid`) REFERENCES `bus_goods` (`id`)
) ENGINE=InnoDB AUTO_INCREMENT=5 DEFAULT CHARSET=utf8 ROW_FORMAT=DYNAMIC;

-- ----------------------------
-- Records of bus_sales
-- ----------------------------
INSERT INTO `bus_sales` VALUES ('2', '2', '支付宝', '2020-03-01 15:59:06', '张三', '100', '2132', '4.00', '2');
INSERT INTO `bus_sales` VALUES ('3', '2', '支付宝', '2020-03-01 09:31:03', '超级管理员', '21', '312321', '2312.00', '3');
INSERT INTO `bus_sales` VALUES ('4', '2', '支付宝', '2020-03-01 09:31:03', '超级管理员', '20', '312321', '2312.00', '3');

-- ----------------------------
-- Table structure for bus_salesback
-- ----------------------------
DROP TABLE IF EXISTS `bus_salesback`;
CREATE TABLE `bus_salesback` (
  `id` int(11) NOT NULL AUTO_INCREMENT,
  `customerid` int(11) DEFAULT NULL,
  `paytype` varchar(255) DEFAULT NULL,
  `salesbacktime` datetime DEFAULT NULL,
  `salebackprice` double(10,2) DEFAULT NULL,
  `operateperson` varchar(255) DEFAULT NULL,
  `number` int(11) DEFAULT NULL,
  `remark` varchar(255) DEFAULT NULL,
  `goodsid` int(11) DEFAULT NULL,
  PRIMARY KEY (`id`) USING BTREE
) ENGINE=InnoDB AUTO_INCREMENT=2 DEFAULT CHARSET=utf8 ROW_FORMAT=DYNAMIC;

-- ----------------------------
-- Records of bus_salesback
-- ----------------------------
INSERT INTO `bus_salesback` VALUES ('1', '1', '微信', '2020-03-01 10:30:52', '2.00', '超级管理员', '100', '232', '1');

-- ----------------------------
-- Table structure for sys_dept
-- ----------------------------
DROP TABLE IF EXISTS `sys_dept`;
CREATE TABLE `sys_dept` (
  `id` int(11) NOT NULL AUTO_INCREMENT,
  `pid` int(11) DEFAULT NULL,
  `title` varchar(255) DEFAULT NULL,
  `open` int(11) DEFAULT NULL,
  `remark` varchar(255) DEFAULT NULL,
  `address` varchar(255) DEFAULT NULL,
  `available` int(11) DEFAULT NULL COMMENT '状态【0不可用1可用】',
  `ordernum` int(11) DEFAULT NULL COMMENT '排序码【为了调事显示顺序】',
  `createtime` datetime DEFAULT NULL,
  PRIMARY KEY (`id`) USING BTREE
) ENGINE=InnoDB AUTO_INCREMENT=20 DEFAULT CHARSET=utf8 ROW_FORMAT=DYNAMIC;

-- ----------------------------
-- Records of sys_dept
-- ----------------------------
INSERT INTO `sys_dept` VALUES ('1', '0', '总经办', '1', '大BOSS', '深圳', '1', '1', '2019-04-10 14:06:32');
INSERT INTO `sys_dept` VALUES ('2', '1', '销售部', '0', '程序员屌丝', '武汉', '1', '2', '2019-04-10 14:06:32');
INSERT INTO `sys_dept` VALUES ('3', '1', '运营部', '0', '无', '武汉', '1', '3', '2019-04-10 14:06:32');
INSERT INTO `sys_dept` VALUES ('4', '1', '生产部', '0', '无', '武汉', '1', '4', '2019-04-10 14:06:32');
INSERT INTO `sys_dept` VALUES ('5', '2', '销售一部', '0', '销售一部', '武汉', '1', '5', '2019-04-10 14:06:32');
INSERT INTO `sys_dept` VALUES ('6', '2', '销售二部', '0', '销售二部', '武汉', '1', '6', '2019-04-10 14:06:32');
INSERT INTO `sys_dept` VALUES ('7', '3', '运营一部', '0', '运营一部', '武汉', '1', '7', '2019-04-10 14:06:32');
INSERT INTO `sys_dept` VALUES ('8', '2', '销售三部', '0', '销售三部', '11', '1', '8', '2019-04-10 14:06:32');
INSERT INTO `sys_dept` VALUES ('9', '2', '销售四部', '0', '销售四部', '222', '1', '9', '2019-04-10 14:06:32');
INSERT INTO `sys_dept` VALUES ('10', '2', '销售五部', '0', '销售五部', '33', '1', '10', '2019-04-10 14:06:32');
INSERT INTO `sys_dept` VALUES ('18', '4', '生产一部', '0', '生产食品', '武汉', '1', '11', '2019-04-13 09:49:38');
INSERT INTO `sys_dept` VALUES ('19', '18', '11', '1', '11', '11', '1', '12', '2020-04-21 07:27:05');

-- ----------------------------
-- Table structure for sys_leavebill
-- ----------------------------
DROP TABLE IF EXISTS `sys_leavebill`;
CREATE TABLE `sys_leavebill` (
  `id` varchar(150) NOT NULL,
  `title` varchar(255) DEFAULT NULL,
  `content` varchar(255) DEFAULT NULL,
  `days` double(255,0) DEFAULT NULL,
  `leavetime` datetime DEFAULT NULL,
  `state` varchar(255) DEFAULT NULL COMMENT '0.未提交 1.审批中 2.审批完成 3.已放弃',
  `userid` int(11) DEFAULT NULL,
  PRIMARY KEY (`id`)
) ENGINE=InnoDB DEFAULT CHARSET=utf8;

-- ----------------------------
-- Records of sys_leavebill
-- ----------------------------
INSERT INTO `sys_leavebill` VALUES ('8d35c99416414a21b80d99635d8fd784', '事假', '回家休息', '1', '2020-07-03 06:53:15', '3', '5');
INSERT INTO `sys_leavebill` VALUES ('9feca1dc11ce43a48e760c59abf5bcb5', '事假', '回家相亲', '10', '2020-07-03 06:40:36', '2', '4');
INSERT INTO `sys_leavebill` VALUES ('fe205c659bdb47d195204032807eac85', '孕假', '回家生孩子', '60', '2020-07-03 06:45:38', '2', '5');

-- ----------------------------
-- Table structure for sys_loginfo
-- ----------------------------
DROP TABLE IF EXISTS `sys_loginfo`;
CREATE TABLE `sys_loginfo` (
  `id` int(11) NOT NULL AUTO_INCREMENT,
  `loginname` varchar(255) DEFAULT NULL,
  `loginip` varchar(255) DEFAULT NULL,
  `logintime` datetime DEFAULT NULL,
  PRIMARY KEY (`id`) USING BTREE
) ENGINE=InnoDB AUTO_INCREMENT=506 DEFAULT CHARSET=utf8 ROW_FORMAT=DYNAMIC;

-- ----------------------------
-- Records of sys_loginfo
-- ----------------------------
INSERT INTO `sys_loginfo` VALUES ('2', '超级管理员-system', '127.0.0.1', '2018-12-21 16:54:52');
INSERT INTO `sys_loginfo` VALUES ('3', '超级管理员-system', '127.0.0.1', '2018-12-21 16:55:15');
INSERT INTO `sys_loginfo` VALUES ('4', '超级管理员-system', '127.0.0.1', '2018-12-21 17:29:22');
INSERT INTO `sys_loginfo` VALUES ('5', '超级管理员-system', '127.0.0.1', '2018-12-22 09:05:22');
INSERT INTO `sys_loginfo` VALUES ('6', '超级管理员-system', '127.0.0.1', '2018-12-22 09:20:43');
INSERT INTO `sys_loginfo` VALUES ('7', '超级管理员-system', '127.0.0.1', '2018-12-22 09:25:40');
INSERT INTO `sys_loginfo` VALUES ('8', '超级管理员-system', '127.0.0.1', '2018-12-22 09:27:11');
INSERT INTO `sys_loginfo` VALUES ('9', '超级管理员-system', '127.0.0.1', '2018-12-22 09:29:58');
INSERT INTO `sys_loginfo` VALUES ('10', '超级管理员-system', '127.0.0.1', '2018-12-22 09:36:49');
INSERT INTO `sys_loginfo` VALUES ('11', '超级管理员-system', '127.0.0.1', '2018-12-22 09:46:56');
INSERT INTO `sys_loginfo` VALUES ('12', '超级管理员-system', '127.0.0.1', '2018-12-22 09:48:29');
INSERT INTO `sys_loginfo` VALUES ('13', '超级管理员-system', '127.0.0.1', '2018-12-22 09:49:13');
INSERT INTO `sys_loginfo` VALUES ('14', '超级管理员-system', '127.0.0.1', '2018-12-22 09:49:57');
INSERT INTO `sys_loginfo` VALUES ('15', '超级管理员-system', '127.0.0.1', '2018-12-22 09:57:46');
INSERT INTO `sys_loginfo` VALUES ('16', '超级管理员-system', '127.0.0.1', '2018-12-22 10:21:53');
INSERT INTO `sys_loginfo` VALUES ('17', '超级管理员-system', '127.0.0.1', '2018-12-22 10:38:25');
INSERT INTO `sys_loginfo` VALUES ('18', '超级管理员-system', '127.0.0.1', '2018-12-22 10:49:21');
INSERT INTO `sys_loginfo` VALUES ('19', '超级管理员-system', '127.0.0.1', '2018-12-22 14:01:42');
INSERT INTO `sys_loginfo` VALUES ('20', '超级管理员-system', '127.0.0.1', '2018-12-22 14:19:48');
INSERT INTO `sys_loginfo` VALUES ('21', '超级管理员-system', '127.0.0.1', '2018-12-22 14:45:29');
INSERT INTO `sys_loginfo` VALUES ('22', '超级管理员-system', '127.0.0.1', '2018-12-22 15:58:05');
INSERT INTO `sys_loginfo` VALUES ('23', '超级管理员-system', '127.0.0.1', '2018-12-22 16:40:53');
INSERT INTO `sys_loginfo` VALUES ('24', '超级管理员-system', '127.0.0.1', '2018-12-22 17:12:01');
INSERT INTO `sys_loginfo` VALUES ('25', '超级管理员-system', '127.0.0.1', '2018-12-24 09:19:15');
INSERT INTO `sys_loginfo` VALUES ('26', '超级管理员-system', '127.0.0.1', '2018-12-24 09:37:28');
INSERT INTO `sys_loginfo` VALUES ('27', '超级管理员-system', '127.0.0.1', '2018-12-24 09:46:51');
INSERT INTO `sys_loginfo` VALUES ('28', '超级管理员-system', '127.0.0.1', '2018-12-24 09:50:40');
INSERT INTO `sys_loginfo` VALUES ('29', '超级管理员-system', '127.0.0.1', '2018-12-24 09:52:52');
INSERT INTO `sys_loginfo` VALUES ('30', '超级管理员-system', '127.0.0.1', '2018-12-24 10:00:26');
INSERT INTO `sys_loginfo` VALUES ('31', '超级管理员-system', '127.0.0.1', '2018-12-24 10:10:58');
INSERT INTO `sys_loginfo` VALUES ('32', '超级管理员-system', '127.0.0.1', '2018-12-24 10:21:28');
INSERT INTO `sys_loginfo` VALUES ('33', '超级管理员-system', '127.0.0.1', '2018-12-24 11:22:27');
INSERT INTO `sys_loginfo` VALUES ('34', '超级管理员-system', '127.0.0.1', '2018-12-24 11:35:28');
INSERT INTO `sys_loginfo` VALUES ('35', '超级管理员-system', '127.0.0.1', '2018-12-24 14:05:28');
INSERT INTO `sys_loginfo` VALUES ('36', '超级管理员-system', '127.0.0.1', '2018-12-24 15:16:29');
INSERT INTO `sys_loginfo` VALUES ('37', '李四-ls', '127.0.0.1', '2018-12-24 15:16:50');
INSERT INTO `sys_loginfo` VALUES ('38', '王五-ww', '127.0.0.1', '2018-12-24 15:17:36');
INSERT INTO `sys_loginfo` VALUES ('39', '赵六-zl', '127.0.0.1', '2018-12-24 15:17:47');
INSERT INTO `sys_loginfo` VALUES ('40', '孙七-sq', '127.0.0.1', '2018-12-24 15:17:58');
INSERT INTO `sys_loginfo` VALUES ('41', '刘八-lb', '127.0.0.1', '2018-12-24 15:18:09');
INSERT INTO `sys_loginfo` VALUES ('42', '超级管理员-system', '127.0.0.1', '2018-12-24 15:34:59');
INSERT INTO `sys_loginfo` VALUES ('43', '超级管理员-system', '127.0.0.1', '2018-12-24 15:35:09');
INSERT INTO `sys_loginfo` VALUES ('44', '刘八-lb', '127.0.0.1', '2018-12-24 15:36:09');
INSERT INTO `sys_loginfo` VALUES ('45', '刘八-lb', '127.0.0.1', '2018-12-24 15:42:58');
INSERT INTO `sys_loginfo` VALUES ('46', '刘八-lb', '127.0.0.1', '2018-12-24 15:43:04');
INSERT INTO `sys_loginfo` VALUES ('47', '超级管理员-system', '127.0.0.1', '2018-12-24 15:46:01');
INSERT INTO `sys_loginfo` VALUES ('48', '超级管理员-system', '127.0.0.1', '2018-12-24 17:03:54');
INSERT INTO `sys_loginfo` VALUES ('49', '超级管理员-system', '127.0.0.1', '2018-12-24 17:26:32');
INSERT INTO `sys_loginfo` VALUES ('50', '超级管理员-system', '127.0.0.1', '2018-12-25 09:07:42');
INSERT INTO `sys_loginfo` VALUES ('51', '超级管理员-system', '127.0.0.1', '2018-12-25 09:16:27');
INSERT INTO `sys_loginfo` VALUES ('52', '超级管理员-system', '127.0.0.1', '2018-12-25 09:59:03');
INSERT INTO `sys_loginfo` VALUES ('53', '超级管理员-system', '127.0.0.1', '2018-12-25 10:05:13');
INSERT INTO `sys_loginfo` VALUES ('54', '超级管理员-system', '127.0.0.1', '2018-12-25 10:05:47');
INSERT INTO `sys_loginfo` VALUES ('55', '超级管理员-system', '127.0.0.1', '2018-12-25 10:11:17');
INSERT INTO `sys_loginfo` VALUES ('56', '超级管理员-system', '127.0.0.1', '2018-12-25 10:14:06');
INSERT INTO `sys_loginfo` VALUES ('57', '超级管理员-system', '127.0.0.1', '2018-12-25 10:36:16');
INSERT INTO `sys_loginfo` VALUES ('58', '超级管理员-system', '127.0.0.1', '2018-12-25 14:17:21');
INSERT INTO `sys_loginfo` VALUES ('59', '超级管理员-system', '127.0.0.1', '2018-12-25 14:20:00');
INSERT INTO `sys_loginfo` VALUES ('60', '超级管理员-system', '127.0.0.1', '2018-12-25 14:34:22');
INSERT INTO `sys_loginfo` VALUES ('61', '超级管理员-system', '127.0.0.1', '2018-12-25 14:34:27');
INSERT INTO `sys_loginfo` VALUES ('62', '超级管理员-system', '127.0.0.1', '2018-12-25 14:38:37');
INSERT INTO `sys_loginfo` VALUES ('63', '超级管理员-system', '127.0.0.1', '2018-12-25 14:50:37');
INSERT INTO `sys_loginfo` VALUES ('64', '超级管理员-system', '127.0.0.1', '2018-12-25 16:01:35');
INSERT INTO `sys_loginfo` VALUES ('65', '超级管理员-system', '127.0.0.1', '2018-12-25 16:25:28');
INSERT INTO `sys_loginfo` VALUES ('66', '超级管理员-system', '127.0.0.1', '2018-12-25 16:27:37');
INSERT INTO `sys_loginfo` VALUES ('67', '超级管理员-system', '127.0.0.1', '2018-12-25 16:28:28');
INSERT INTO `sys_loginfo` VALUES ('68', '超级管理员-system', '127.0.0.1', '2018-12-25 16:44:02');
INSERT INTO `sys_loginfo` VALUES ('69', '超级管理员-system', '127.0.0.1', '2018-12-25 16:47:55');
INSERT INTO `sys_loginfo` VALUES ('70', '超级管理员-system', '127.0.0.1', '2018-12-28 15:59:34');
INSERT INTO `sys_loginfo` VALUES ('71', '超级管理员-system', '127.0.0.1', '2018-12-28 17:27:16');
INSERT INTO `sys_loginfo` VALUES ('72', '超级管理员-system', '127.0.0.1', '2018-12-28 17:29:40');
INSERT INTO `sys_loginfo` VALUES ('73', '超级管理员-system', '127.0.0.1', '2018-12-28 17:51:10');
INSERT INTO `sys_loginfo` VALUES ('74', '超级管理员-system', '127.0.0.1', '2019-04-15 17:05:02');
INSERT INTO `sys_loginfo` VALUES ('75', '超级管理员-system', '127.0.0.1', '2019-04-15 17:05:12');
INSERT INTO `sys_loginfo` VALUES ('76', '超级管理员-system', '127.0.0.1', '2019-04-15 17:10:22');
INSERT INTO `sys_loginfo` VALUES ('77', '刘八-lb', '127.0.0.1', '2019-04-15 17:11:45');
INSERT INTO `sys_loginfo` VALUES ('78', '刘八-lb', '127.0.0.1', '2019-04-15 17:28:50');
INSERT INTO `sys_loginfo` VALUES ('79', '超级管理员-system', '127.0.0.1', '2019-04-15 17:29:13');
INSERT INTO `sys_loginfo` VALUES ('80', '刘八-lb', '127.0.0.1', '2019-04-15 17:30:59');
INSERT INTO `sys_loginfo` VALUES ('81', '刘八-lb', '127.0.0.1', '2019-04-15 17:32:42');
INSERT INTO `sys_loginfo` VALUES ('82', '刘八-lb', '127.0.0.1', '2019-04-15 17:33:48');
INSERT INTO `sys_loginfo` VALUES ('83', '刘八-lb', '127.0.0.1', '2019-04-15 17:34:17');
INSERT INTO `sys_loginfo` VALUES ('84', '超级管理员-system', '127.0.0.1', '2019-04-15 17:36:40');
INSERT INTO `sys_loginfo` VALUES ('85', '超级管理员-system', '127.0.0.1', '2019-04-15 17:47:21');
INSERT INTO `sys_loginfo` VALUES ('86', '超级管理员-system', '127.0.0.1', '2019-04-15 17:54:10');
INSERT INTO `sys_loginfo` VALUES ('87', '超级管理员-system', '127.0.0.1', '2019-04-15 17:55:52');
INSERT INTO `sys_loginfo` VALUES ('88', '超级管理员-system', '127.0.0.1', '2019-04-16 09:26:01');
INSERT INTO `sys_loginfo` VALUES ('89', '超级管理员-system', '127.0.0.1', '2019-04-16 09:26:25');
INSERT INTO `sys_loginfo` VALUES ('90', '超级管理员-system', '127.0.0.1', '2019-04-16 09:46:54');
INSERT INTO `sys_loginfo` VALUES ('91', '超级管理员-system', '127.0.0.1', '2019-04-16 10:07:48');
INSERT INTO `sys_loginfo` VALUES ('92', '超级管理员-system', '127.0.0.1', '2019-04-16 10:10:30');
INSERT INTO `sys_loginfo` VALUES ('93', '超级管理员-system', '127.0.0.1', '2019-04-16 10:14:29');
INSERT INTO `sys_loginfo` VALUES ('94', '超级管理员-system', '127.0.0.1', '2019-04-16 10:15:04');
INSERT INTO `sys_loginfo` VALUES ('95', '超级管理员-system', '127.0.0.1', '2019-04-16 10:15:58');
INSERT INTO `sys_loginfo` VALUES ('96', '超级管理员-system', '127.0.0.1', '2019-04-16 10:28:14');
INSERT INTO `sys_loginfo` VALUES ('97', '超级管理员-system', '127.0.0.1', '2019-04-16 10:32:42');
INSERT INTO `sys_loginfo` VALUES ('98', '超级管理员-system', '127.0.0.1', '2019-04-16 10:33:03');
INSERT INTO `sys_loginfo` VALUES ('99', '超级管理员-system', '127.0.0.1', '2019-04-16 11:02:01');
INSERT INTO `sys_loginfo` VALUES ('100', '超级管理员-system', '127.0.0.1', '2019-04-16 11:03:09');
INSERT INTO `sys_loginfo` VALUES ('101', '超级管理员-system', '127.0.0.1', '2019-04-16 11:13:42');
INSERT INTO `sys_loginfo` VALUES ('102', '超级管理员-system', '127.0.0.1', '2019-04-16 11:24:55');
INSERT INTO `sys_loginfo` VALUES ('104', '超级管理员-system', '127.0.0.1', '2019-08-14 01:11:34');
INSERT INTO `sys_loginfo` VALUES ('105', '超级管理员-system', '127.0.0.1', '2019-08-14 01:24:03');
INSERT INTO `sys_loginfo` VALUES ('106', '李四-ls', '127.0.0.1', '2019-08-14 01:25:47');
INSERT INTO `sys_loginfo` VALUES ('107', '李四-ls', '127.0.0.1', '2019-08-14 01:26:41');
INSERT INTO `sys_loginfo` VALUES ('108', '孙七-sq', '127.0.0.1', '2019-08-14 01:28:22');
INSERT INTO `sys_loginfo` VALUES ('109', '刘八-lb', '127.0.0.1', '2019-08-14 01:28:32');
INSERT INTO `sys_loginfo` VALUES ('110', '超级管理员-system', '127.0.0.1', '2019-08-14 01:46:18');
INSERT INTO `sys_loginfo` VALUES ('111', '超级管理员-system', '127.0.0.1', '2019-08-14 02:18:44');
INSERT INTO `sys_loginfo` VALUES ('112', '超级管理员-system', '127.0.0.1', '2019-08-14 02:32:06');
INSERT INTO `sys_loginfo` VALUES ('113', '李四-ls', '127.0.0.1', '2019-08-14 03:00:19');
INSERT INTO `sys_loginfo` VALUES ('114', '李四-ls', '127.0.0.1', '2019-08-14 03:00:56');
INSERT INTO `sys_loginfo` VALUES ('115', '李四-ls', '127.0.0.1', '2019-08-14 03:01:31');
INSERT INTO `sys_loginfo` VALUES ('116', '李四-ls', '127.0.0.1', '2019-08-14 03:01:39');
INSERT INTO `sys_loginfo` VALUES ('117', '李四-ls', '127.0.0.1', '2019-08-14 03:02:25');
INSERT INTO `sys_loginfo` VALUES ('118', '李四-ls', '127.0.0.1', '2019-08-14 03:04:57');
INSERT INTO `sys_loginfo` VALUES ('119', '李四-ls', '127.0.0.1', '2019-08-14 03:07:19');
INSERT INTO `sys_loginfo` VALUES ('120', '李四-ls', '127.0.0.1', '2019-08-14 03:07:54');
INSERT INTO `sys_loginfo` VALUES ('121', '超级管理员-system', '127.0.0.1', '2019-08-14 03:13:06');
INSERT INTO `sys_loginfo` VALUES ('122', '李四-ls', '127.0.0.1', '2019-08-14 03:14:46');
INSERT INTO `sys_loginfo` VALUES ('123', '超级管理员-system', '127.0.0.1', '2019-08-14 06:03:47');
INSERT INTO `sys_loginfo` VALUES ('124', '超级管理员-system', '127.0.0.1', '2019-08-14 07:20:12');
INSERT INTO `sys_loginfo` VALUES ('125', '超级管理员-system', '127.0.0.1', '2019-08-14 07:23:05');
INSERT INTO `sys_loginfo` VALUES ('126', '超级管理员-system', '127.0.0.1', '2019-08-14 07:25:30');
INSERT INTO `sys_loginfo` VALUES ('127', '超级管理员-system', '127.0.0.1', '2019-08-14 07:26:34');
INSERT INTO `sys_loginfo` VALUES ('128', '超级管理员-system', '127.0.0.1', '2019-08-14 07:27:22');
INSERT INTO `sys_loginfo` VALUES ('129', '超级管理员-system', '127.0.0.1', '2019-08-14 07:27:51');
INSERT INTO `sys_loginfo` VALUES ('130', '超级管理员-system', '127.0.0.1', '2019-08-14 08:22:05');
INSERT INTO `sys_loginfo` VALUES ('131', '超级管理员-system', '127.0.0.1', '2019-08-14 08:43:53');
INSERT INTO `sys_loginfo` VALUES ('132', '超级管理员-system', '127.0.0.1', '2019-08-14 08:45:55');
INSERT INTO `sys_loginfo` VALUES ('133', '超级管理员-system', '127.0.0.1', '2019-08-14 08:47:13');
INSERT INTO `sys_loginfo` VALUES ('134', '超级管理员-system', '127.0.0.1', '2019-08-14 09:35:20');
INSERT INTO `sys_loginfo` VALUES ('135', '超级管理员-system', '127.0.0.1', '2019-08-14 09:41:02');
INSERT INTO `sys_loginfo` VALUES ('136', '超级管理员-system', '127.0.0.1', '2019-08-14 09:44:04');
INSERT INTO `sys_loginfo` VALUES ('137', '超级管理员-system', '127.0.0.1', '2019-08-14 09:50:27');
INSERT INTO `sys_loginfo` VALUES ('138', '超级管理员-system', '127.0.0.1', '2019-08-14 09:56:57');
INSERT INTO `sys_loginfo` VALUES ('139', '超级管理员-system', '127.0.0.1', '2019-08-14 09:59:02');
INSERT INTO `sys_loginfo` VALUES ('140', '超级管理员-system', '127.0.0.1', '2019-08-16 01:05:37');
INSERT INTO `sys_loginfo` VALUES ('141', '超级管理员-system', '127.0.0.1', '2019-08-16 02:01:44');
INSERT INTO `sys_loginfo` VALUES ('142', '超级管理员-system', '127.0.0.1', '2019-08-16 02:05:57');
INSERT INTO `sys_loginfo` VALUES ('143', '超级管理员-system', '127.0.0.1', '2019-08-16 02:07:04');
INSERT INTO `sys_loginfo` VALUES ('144', '超级管理员-system', '127.0.0.1', '2019-08-16 02:20:02');
INSERT INTO `sys_loginfo` VALUES ('145', '超级管理员-system', '127.0.0.1', '2019-08-16 02:20:20');
INSERT INTO `sys_loginfo` VALUES ('146', '超级管理员-system', '127.0.0.1', '2019-08-16 02:21:42');
INSERT INTO `sys_loginfo` VALUES ('147', '超级管理员-system', '127.0.0.1', '2019-08-16 03:37:37');
INSERT INTO `sys_loginfo` VALUES ('148', '超级管理员-system', '127.0.0.1', '2019-08-16 03:52:40');
INSERT INTO `sys_loginfo` VALUES ('149', '超级管理员-system', '127.0.0.1', '2019-08-16 03:59:37');
INSERT INTO `sys_loginfo` VALUES ('150', '超级管理员-system', '127.0.0.1', '2019-08-16 06:11:45');
INSERT INTO `sys_loginfo` VALUES ('151', '超级管理员-system', '127.0.0.1', '2019-08-16 06:23:27');
INSERT INTO `sys_loginfo` VALUES ('152', '超级管理员-system', '127.0.0.1', '2019-08-16 06:50:31');
INSERT INTO `sys_loginfo` VALUES ('153', '超级管理员-system', '127.0.0.1', '2019-08-16 06:54:49');
INSERT INTO `sys_loginfo` VALUES ('154', '超级管理员-system', '127.0.0.1', '2019-08-16 07:00:48');
INSERT INTO `sys_loginfo` VALUES ('155', '超级管理员-system', '127.0.0.1', '2019-08-16 07:01:18');
INSERT INTO `sys_loginfo` VALUES ('156', '超级管理员-system', '127.0.0.1', '2019-08-16 07:03:35');
INSERT INTO `sys_loginfo` VALUES ('157', '超级管理员-system', '127.0.0.1', '2019-08-16 07:09:55');
INSERT INTO `sys_loginfo` VALUES ('158', '超级管理员-system', '127.0.0.1', '2019-08-16 07:46:09');
INSERT INTO `sys_loginfo` VALUES ('159', '超级管理员-system', '127.0.0.1', '2019-08-16 08:17:59');
INSERT INTO `sys_loginfo` VALUES ('160', '超级管理员-system', '127.0.0.1', '2019-08-16 08:22:29');
INSERT INTO `sys_loginfo` VALUES ('161', '超级管理员-system', '127.0.0.1', '2019-08-16 08:23:32');
INSERT INTO `sys_loginfo` VALUES ('162', '超级管理员-system', '127.0.0.1', '2019-08-16 08:26:48');
INSERT INTO `sys_loginfo` VALUES ('163', '超级管理员-system', '127.0.0.1', '2019-08-16 08:31:19');
INSERT INTO `sys_loginfo` VALUES ('164', '超级管理员-system', '127.0.0.1', '2019-08-16 08:55:36');
INSERT INTO `sys_loginfo` VALUES ('165', '超级管理员-system', '127.0.0.1', '2019-08-16 08:55:59');
INSERT INTO `sys_loginfo` VALUES ('166', '超级管理员-system', '127.0.0.1', '2019-08-16 08:56:53');
INSERT INTO `sys_loginfo` VALUES ('167', '超级管理员-system', '127.0.0.1', '2019-08-16 08:57:42');
INSERT INTO `sys_loginfo` VALUES ('168', '超级管理员-system', '127.0.0.1', '2019-08-16 09:00:47');
INSERT INTO `sys_loginfo` VALUES ('169', '超级管理员-system', '0:0:0:0:0:0:0:1', '2020-01-28 12:42:19');
INSERT INTO `sys_loginfo` VALUES ('170', '超级管理员-system', '0:0:0:0:0:0:0:1', '2020-02-04 05:41:16');
INSERT INTO `sys_loginfo` VALUES ('171', '超级管理员-system', '0:0:0:0:0:0:0:1', '2020-02-04 05:53:51');
INSERT INTO `sys_loginfo` VALUES ('172', '超级管理员-system', '0:0:0:0:0:0:0:1', '2020-02-04 06:05:05');
INSERT INTO `sys_loginfo` VALUES ('173', '超级管理员-system', '0:0:0:0:0:0:0:1', '2020-02-04 06:09:22');
INSERT INTO `sys_loginfo` VALUES ('174', '超级管理员-system', '0:0:0:0:0:0:0:1', '2020-02-04 06:11:16');
INSERT INTO `sys_loginfo` VALUES ('175', '超级管理员-system', '0:0:0:0:0:0:0:1', '2020-02-07 12:46:39');
INSERT INTO `sys_loginfo` VALUES ('176', '超级管理员-system', '0:0:0:0:0:0:0:1', '2020-02-07 13:16:26');
INSERT INTO `sys_loginfo` VALUES ('177', '超级管理员-system', '0:0:0:0:0:0:0:1', '2020-02-07 13:24:32');
INSERT INTO `sys_loginfo` VALUES ('178', '超级管理员-system', '0:0:0:0:0:0:0:1', '2020-02-07 13:46:32');
INSERT INTO `sys_loginfo` VALUES ('179', '超级管理员-system', '0:0:0:0:0:0:0:1', '2020-02-10 03:20:22');
INSERT INTO `sys_loginfo` VALUES ('180', '超级管理员-system', '0:0:0:0:0:0:0:1', '2020-02-10 03:23:14');
INSERT INTO `sys_loginfo` VALUES ('181', '超级管理员-system', '0:0:0:0:0:0:0:1', '2020-02-16 11:19:57');
INSERT INTO `sys_loginfo` VALUES ('182', '超级管理员-system', '0:0:0:0:0:0:0:1', '2020-02-16 11:24:07');
INSERT INTO `sys_loginfo` VALUES ('183', '超级管理员-system', '0:0:0:0:0:0:0:1', '2020-02-16 11:56:25');
INSERT INTO `sys_loginfo` VALUES ('184', '超级管理员-system', '0:0:0:0:0:0:0:1', '2020-02-18 06:02:02');
INSERT INTO `sys_loginfo` VALUES ('185', '超级管理员-system', '0:0:0:0:0:0:0:1', '2020-02-20 03:53:24');
INSERT INTO `sys_loginfo` VALUES ('186', '超级管理员-system', '0:0:0:0:0:0:0:1', '2020-02-20 06:09:52');
INSERT INTO `sys_loginfo` VALUES ('187', '超级管理员-system', '0:0:0:0:0:0:0:1', '2020-02-20 06:13:14');
INSERT INTO `sys_loginfo` VALUES ('188', '超级管理员-system', '0:0:0:0:0:0:0:1', '2020-02-23 05:44:06');
INSERT INTO `sys_loginfo` VALUES ('189', '超级管理员-system', '0:0:0:0:0:0:0:1', '2020-02-23 09:38:22');
INSERT INTO `sys_loginfo` VALUES ('190', '超级管理员-system', '0:0:0:0:0:0:0:1', '2020-02-23 12:28:17');
INSERT INTO `sys_loginfo` VALUES ('191', '超级管理员-system', '0:0:0:0:0:0:0:1', '2020-02-23 12:37:38');
INSERT INTO `sys_loginfo` VALUES ('192', '超级管理员-system', '0:0:0:0:0:0:0:1', '2020-02-23 12:46:49');
INSERT INTO `sys_loginfo` VALUES ('193', '超级管理员-system', '0:0:0:0:0:0:0:1', '2020-02-24 04:56:34');
INSERT INTO `sys_loginfo` VALUES ('194', '超级管理员-system', '0:0:0:0:0:0:0:1', '2020-02-24 13:08:05');
INSERT INTO `sys_loginfo` VALUES ('195', '超级管理员-system', '0:0:0:0:0:0:0:1', '2020-02-25 06:56:06');
INSERT INTO `sys_loginfo` VALUES ('196', '超级管理员-system', '0:0:0:0:0:0:0:1', '2020-02-25 11:46:54');
INSERT INTO `sys_loginfo` VALUES ('197', '超级管理员-system', '0:0:0:0:0:0:0:1', '2020-02-25 12:15:06');
INSERT INTO `sys_loginfo` VALUES ('198', '超级管理员-system', '0:0:0:0:0:0:0:1', '2020-02-26 04:53:25');
INSERT INTO `sys_loginfo` VALUES ('199', '超级管理员-system', '0:0:0:0:0:0:0:1', '2020-02-26 05:59:16');
INSERT INTO `sys_loginfo` VALUES ('200', '超级管理员-system', '0:0:0:0:0:0:0:1', '2020-02-26 07:25:38');
INSERT INTO `sys_loginfo` VALUES ('201', '超级管理员-system', '0:0:0:0:0:0:0:1', '2020-02-26 07:32:04');
INSERT INTO `sys_loginfo` VALUES ('202', '超级管理员-system', '0:0:0:0:0:0:0:1', '2020-02-26 08:19:42');
INSERT INTO `sys_loginfo` VALUES ('203', '超级管理员-system', '0:0:0:0:0:0:0:1', '2020-02-26 08:24:49');
INSERT INTO `sys_loginfo` VALUES ('204', '超级管理员-system', '0:0:0:0:0:0:0:1', '2020-02-26 08:51:53');
INSERT INTO `sys_loginfo` VALUES ('205', '超级管理员-system', '0:0:0:0:0:0:0:1', '2020-02-26 08:58:25');
INSERT INTO `sys_loginfo` VALUES ('206', '超级管理员-system', '0:0:0:0:0:0:0:1', '2020-02-26 09:08:52');
INSERT INTO `sys_loginfo` VALUES ('207', '超级管理员-system', '0:0:0:0:0:0:0:1', '2020-02-26 09:17:25');
INSERT INTO `sys_loginfo` VALUES ('208', '超级管理员-system', '0:0:0:0:0:0:0:1', '2020-02-26 13:00:18');
INSERT INTO `sys_loginfo` VALUES ('209', '超级管理员-system', '0:0:0:0:0:0:0:1', '2020-02-26 13:50:43');
INSERT INTO `sys_loginfo` VALUES ('210', '超级管理员-system', '0:0:0:0:0:0:0:1', '2020-02-26 13:54:37');
INSERT INTO `sys_loginfo` VALUES ('211', '超级管理员-system', '0:0:0:0:0:0:0:1', '2020-02-26 13:55:42');
INSERT INTO `sys_loginfo` VALUES ('212', '超级管理员-system', '0:0:0:0:0:0:0:1', '2020-02-26 14:06:58');
INSERT INTO `sys_loginfo` VALUES ('213', '超级管理员-system', '0:0:0:0:0:0:0:1', '2020-02-26 14:17:13');
INSERT INTO `sys_loginfo` VALUES ('214', '下来-xl', '0:0:0:0:0:0:0:1', '2020-02-26 14:19:38');
INSERT INTO `sys_loginfo` VALUES ('215', '超级管理员-system', '0:0:0:0:0:0:0:1', '2020-02-26 14:21:49');
INSERT INTO `sys_loginfo` VALUES ('216', '超级管理员-system', '0:0:0:0:0:0:0:1', '2020-02-27 06:51:04');
INSERT INTO `sys_loginfo` VALUES ('217', '超级管理员-system', '0:0:0:0:0:0:0:1', '2020-02-27 07:11:05');
INSERT INTO `sys_loginfo` VALUES ('218', '超级管理员-system', '0:0:0:0:0:0:0:1', '2020-02-27 08:42:30');
INSERT INTO `sys_loginfo` VALUES ('219', '超级管理员-system', '0:0:0:0:0:0:0:1', '2020-02-27 09:23:38');
INSERT INTO `sys_loginfo` VALUES ('220', '超级管理员-system', '0:0:0:0:0:0:0:1', '2020-02-27 09:56:31');
INSERT INTO `sys_loginfo` VALUES ('221', '张三-zs', '0:0:0:0:0:0:0:1', '2020-02-27 09:58:44');
INSERT INTO `sys_loginfo` VALUES ('222', '孙七-sq', '0:0:0:0:0:0:0:1', '2020-02-27 09:59:36');
INSERT INTO `sys_loginfo` VALUES ('223', '李四-ls', '0:0:0:0:0:0:0:1', '2020-02-27 09:59:54');
INSERT INTO `sys_loginfo` VALUES ('224', '超级管理员-system', '0:0:0:0:0:0:0:1', '2020-02-27 10:01:59');
INSERT INTO `sys_loginfo` VALUES ('225', '超级管理员-system', '0:0:0:0:0:0:0:1', '2020-02-27 10:33:10');
INSERT INTO `sys_loginfo` VALUES ('226', '张三-zs', '0:0:0:0:0:0:0:1', '2020-02-27 10:33:58');
INSERT INTO `sys_loginfo` VALUES ('227', '超级管理员-system', '0:0:0:0:0:0:0:1', '2020-02-27 10:35:13');
INSERT INTO `sys_loginfo` VALUES ('228', '超级管理员-system', '0:0:0:0:0:0:0:1', '2020-02-27 11:21:05');
INSERT INTO `sys_loginfo` VALUES ('229', '张三-zs', '0:0:0:0:0:0:0:1', '2020-02-27 11:26:25');
INSERT INTO `sys_loginfo` VALUES ('230', '超级管理员-system', '0:0:0:0:0:0:0:1', '2020-02-27 11:27:11');
INSERT INTO `sys_loginfo` VALUES ('231', '超级管理员-system', '0:0:0:0:0:0:0:1', '2020-02-28 08:07:00');
INSERT INTO `sys_loginfo` VALUES ('232', '超级管理员-system', '0:0:0:0:0:0:0:1', '2020-02-28 08:16:58');
INSERT INTO `sys_loginfo` VALUES ('233', '超级管理员-system', '0:0:0:0:0:0:0:1', '2020-02-28 08:22:09');
INSERT INTO `sys_loginfo` VALUES ('234', '超级管理员-system', '0:0:0:0:0:0:0:1', '2020-02-28 08:25:05');
INSERT INTO `sys_loginfo` VALUES ('235', '超级管理员-system', '0:0:0:0:0:0:0:1', '2020-02-28 08:26:28');
INSERT INTO `sys_loginfo` VALUES ('236', '超级管理员-system', '0:0:0:0:0:0:0:1', '2020-02-28 08:30:32');
INSERT INTO `sys_loginfo` VALUES ('237', '超级管理员-system', '0:0:0:0:0:0:0:1', '2020-02-28 09:11:22');
INSERT INTO `sys_loginfo` VALUES ('238', '超级管理员-system', '0:0:0:0:0:0:0:1', '2020-02-28 09:27:32');
INSERT INTO `sys_loginfo` VALUES ('239', '超级管理员-system', '0:0:0:0:0:0:0:1', '2020-02-28 10:08:37');
INSERT INTO `sys_loginfo` VALUES ('240', '超级管理员-system', '0:0:0:0:0:0:0:1', '2020-02-28 10:27:27');
INSERT INTO `sys_loginfo` VALUES ('241', '超级管理员-system', '0:0:0:0:0:0:0:1', '2020-02-28 11:39:36');
INSERT INTO `sys_loginfo` VALUES ('242', '超级管理员-system', '0:0:0:0:0:0:0:1', '2020-02-28 12:05:46');
INSERT INTO `sys_loginfo` VALUES ('243', '超级管理员-system', '0:0:0:0:0:0:0:1', '2020-02-28 13:21:25');
INSERT INTO `sys_loginfo` VALUES ('244', '超级管理员-system', '0:0:0:0:0:0:0:1', '2020-02-28 14:20:55');
INSERT INTO `sys_loginfo` VALUES ('245', '超级管理员-system', '0:0:0:0:0:0:0:1', '2020-02-28 14:27:14');
INSERT INTO `sys_loginfo` VALUES ('246', '超级管理员-system', '0:0:0:0:0:0:0:1', '2020-02-28 14:43:51');
INSERT INTO `sys_loginfo` VALUES ('247', '超级管理员-system', '0:0:0:0:0:0:0:1', '2020-02-28 14:50:21');
INSERT INTO `sys_loginfo` VALUES ('248', '超级管理员-system', '0:0:0:0:0:0:0:1', '2020-02-28 14:52:27');
INSERT INTO `sys_loginfo` VALUES ('249', '超级管理员-system', '0:0:0:0:0:0:0:1', '2020-02-29 02:45:09');
INSERT INTO `sys_loginfo` VALUES ('250', '超级管理员-system', '0:0:0:0:0:0:0:1', '2020-02-29 04:04:45');
INSERT INTO `sys_loginfo` VALUES ('251', '超级管理员-system', '0:0:0:0:0:0:0:1', '2020-02-29 04:05:43');
INSERT INTO `sys_loginfo` VALUES ('252', '超级管理员-system', '0:0:0:0:0:0:0:1', '2020-02-29 06:53:19');
INSERT INTO `sys_loginfo` VALUES ('253', '超级管理员-system', '0:0:0:0:0:0:0:1', '2020-02-29 08:06:05');
INSERT INTO `sys_loginfo` VALUES ('254', '超级管理员-system', '0:0:0:0:0:0:0:1', '2020-02-29 08:38:06');
INSERT INTO `sys_loginfo` VALUES ('255', '超级管理员-system', '0:0:0:0:0:0:0:1', '2020-02-29 08:41:34');
INSERT INTO `sys_loginfo` VALUES ('256', '超级管理员-system', '0:0:0:0:0:0:0:1', '2020-02-29 09:02:12');
INSERT INTO `sys_loginfo` VALUES ('257', '超级管理员-system', '0:0:0:0:0:0:0:1', '2020-02-29 09:04:06');
INSERT INTO `sys_loginfo` VALUES ('258', '超级管理员-system', '0:0:0:0:0:0:0:1', '2020-02-29 10:41:27');
INSERT INTO `sys_loginfo` VALUES ('259', '超级管理员-system', '0:0:0:0:0:0:0:1', '2020-02-29 10:49:06');
INSERT INTO `sys_loginfo` VALUES ('260', '超级管理员-system', '0:0:0:0:0:0:0:1', '2020-02-29 10:57:57');
INSERT INTO `sys_loginfo` VALUES ('261', '超级管理员-system', '0:0:0:0:0:0:0:1', '2020-02-29 11:43:59');
INSERT INTO `sys_loginfo` VALUES ('262', '超级管理员-system', '0:0:0:0:0:0:0:1', '2020-02-29 11:56:21');
INSERT INTO `sys_loginfo` VALUES ('263', '超级管理员-system', '0:0:0:0:0:0:0:1', '2020-02-29 12:05:21');
INSERT INTO `sys_loginfo` VALUES ('264', '超级管理员-system', '0:0:0:0:0:0:0:1', '2020-02-29 12:11:18');
INSERT INTO `sys_loginfo` VALUES ('265', '超级管理员-system', '0:0:0:0:0:0:0:1', '2020-02-29 12:27:07');
INSERT INTO `sys_loginfo` VALUES ('266', '超级管理员-system', '0:0:0:0:0:0:0:1', '2020-02-29 12:49:07');
INSERT INTO `sys_loginfo` VALUES ('267', '超级管理员-system', '0:0:0:0:0:0:0:1', '2020-02-29 13:31:39');
INSERT INTO `sys_loginfo` VALUES ('268', '超级管理员-system', '0:0:0:0:0:0:0:1', '2020-02-29 13:47:53');
INSERT INTO `sys_loginfo` VALUES ('269', '超级管理员-system', '0:0:0:0:0:0:0:1', '2020-02-29 13:54:07');
INSERT INTO `sys_loginfo` VALUES ('270', '超级管理员-system', '0:0:0:0:0:0:0:1', '2020-02-29 13:59:50');
INSERT INTO `sys_loginfo` VALUES ('271', '超级管理员-system', '0:0:0:0:0:0:0:1', '2020-02-29 14:12:03');
INSERT INTO `sys_loginfo` VALUES ('272', '超级管理员-system', '0:0:0:0:0:0:0:1', '2020-03-01 05:02:40');
INSERT INTO `sys_loginfo` VALUES ('273', '超级管理员-system', '0:0:0:0:0:0:0:1', '2020-03-01 05:09:37');
INSERT INTO `sys_loginfo` VALUES ('274', '超级管理员-system', '0:0:0:0:0:0:0:1', '2020-03-01 05:12:41');
INSERT INTO `sys_loginfo` VALUES ('275', '超级管理员-system', '0:0:0:0:0:0:0:1', '2020-03-01 05:17:16');
INSERT INTO `sys_loginfo` VALUES ('276', '超级管理员-system', '0:0:0:0:0:0:0:1', '2020-03-01 07:12:59');
INSERT INTO `sys_loginfo` VALUES ('277', '超级管理员-system', '0:0:0:0:0:0:0:1', '2020-03-01 08:24:03');
INSERT INTO `sys_loginfo` VALUES ('278', '超级管理员-system', '0:0:0:0:0:0:0:1', '2020-03-01 09:09:49');
INSERT INTO `sys_loginfo` VALUES ('279', '超级管理员-system', '0:0:0:0:0:0:0:1', '2020-03-01 09:26:22');
INSERT INTO `sys_loginfo` VALUES ('280', '超级管理员-system', '0:0:0:0:0:0:0:1', '2020-03-01 10:29:57');
INSERT INTO `sys_loginfo` VALUES ('281', '超级管理员-system', '0:0:0:0:0:0:0:1', '2020-03-01 11:30:53');
INSERT INTO `sys_loginfo` VALUES ('282', '超级管理员-system', '0:0:0:0:0:0:0:1', '2020-03-01 11:44:52');
INSERT INTO `sys_loginfo` VALUES ('283', '超级管理员-system', '0:0:0:0:0:0:0:1', '2020-03-01 11:54:25');
INSERT INTO `sys_loginfo` VALUES ('284', '超级管理员-system', '0:0:0:0:0:0:0:1', '2020-03-01 12:04:31');
INSERT INTO `sys_loginfo` VALUES ('285', '超级管理员-system', '0:0:0:0:0:0:0:1', '2020-03-01 12:23:04');
INSERT INTO `sys_loginfo` VALUES ('286', '超级管理员-system', '0:0:0:0:0:0:0:1', '2020-03-01 12:27:48');
INSERT INTO `sys_loginfo` VALUES ('287', '超级管理员-system', '0:0:0:0:0:0:0:1', '2020-03-01 12:41:54');
INSERT INTO `sys_loginfo` VALUES ('288', '超级管理员-system', '0:0:0:0:0:0:0:1', '2020-03-01 13:04:38');
INSERT INTO `sys_loginfo` VALUES ('289', '超级管理员-system', '0:0:0:0:0:0:0:1', '2020-03-01 13:17:44');
INSERT INTO `sys_loginfo` VALUES ('290', '超级管理员-system', '0:0:0:0:0:0:0:1', '2020-03-01 13:25:03');
INSERT INTO `sys_loginfo` VALUES ('291', '超级管理员-system', '0:0:0:0:0:0:0:1', '2020-03-01 13:40:53');
INSERT INTO `sys_loginfo` VALUES ('292', '超级管理员-system', '0:0:0:0:0:0:0:1', '2020-03-01 14:04:16');
INSERT INTO `sys_loginfo` VALUES ('293', '超级管理员-system', '0:0:0:0:0:0:0:1', '2020-03-01 14:12:46');
INSERT INTO `sys_loginfo` VALUES ('294', '超级管理员-system', '0:0:0:0:0:0:0:1', '2020-03-01 14:20:54');
INSERT INTO `sys_loginfo` VALUES ('295', '超级管理员-system', '0:0:0:0:0:0:0:1', '2020-03-01 14:23:29');
INSERT INTO `sys_loginfo` VALUES ('296', '超级管理员-system', '127.0.0.1', '2020-03-01 14:42:06');
INSERT INTO `sys_loginfo` VALUES ('297', '超级管理员-system', '0:0:0:0:0:0:0:1', '2020-03-01 14:44:50');
INSERT INTO `sys_loginfo` VALUES ('298', '超级管理员-system', '127.0.0.1', '2020-03-01 14:55:24');
INSERT INTO `sys_loginfo` VALUES ('299', '超级管理员-system', '0:0:0:0:0:0:0:1', '2020-03-01 15:25:10');
INSERT INTO `sys_loginfo` VALUES ('300', '超级管理员-system', '0:0:0:0:0:0:0:1', '2020-03-01 15:34:22');
INSERT INTO `sys_loginfo` VALUES ('301', '超级管理员-system', '0:0:0:0:0:0:0:1', '2020-03-01 15:37:47');
INSERT INTO `sys_loginfo` VALUES ('302', '超级管理员-system', '0:0:0:0:0:0:0:1', '2020-03-01 15:41:44');
INSERT INTO `sys_loginfo` VALUES ('303', '超级管理员-system', '0:0:0:0:0:0:0:1', '2020-03-01 15:49:41');
INSERT INTO `sys_loginfo` VALUES ('304', '超级管理员-system', '0:0:0:0:0:0:0:1', '2020-03-01 15:53:32');
INSERT INTO `sys_loginfo` VALUES ('305', '超级管理员-system', '0:0:0:0:0:0:0:1', '2020-03-01 15:57:01');
INSERT INTO `sys_loginfo` VALUES ('306', '超级管理员-system', '0:0:0:0:0:0:0:1', '2020-03-01 16:01:02');
INSERT INTO `sys_loginfo` VALUES ('307', '超级管理员-system', '0:0:0:0:0:0:0:1', '2020-03-01 16:06:58');
INSERT INTO `sys_loginfo` VALUES ('308', '超级管理员-system', '0:0:0:0:0:0:0:1', '2020-03-02 04:58:43');
INSERT INTO `sys_loginfo` VALUES ('309', '超级管理员-system', '0:0:0:0:0:0:0:1', '2020-03-02 05:03:17');
INSERT INTO `sys_loginfo` VALUES ('310', '超级管理员-system', '0:0:0:0:0:0:0:1', '2020-03-02 05:09:12');
INSERT INTO `sys_loginfo` VALUES ('311', '超级管理员-system', '0:0:0:0:0:0:0:1', '2020-03-02 05:11:43');
INSERT INTO `sys_loginfo` VALUES ('312', '超级管理员-system', '0:0:0:0:0:0:0:1', '2020-03-02 05:34:32');
INSERT INTO `sys_loginfo` VALUES ('313', '超级管理员-system', '0:0:0:0:0:0:0:1', '2020-03-02 05:38:14');
INSERT INTO `sys_loginfo` VALUES ('314', '超级管理员-system', '0:0:0:0:0:0:0:1', '2020-03-02 05:39:54');
INSERT INTO `sys_loginfo` VALUES ('315', '超级管理员-system', '0:0:0:0:0:0:0:1', '2020-03-02 06:02:36');
INSERT INTO `sys_loginfo` VALUES ('316', '超级管理员-system', '0:0:0:0:0:0:0:1', '2020-03-02 06:04:28');
INSERT INTO `sys_loginfo` VALUES ('317', '超级管理员-system', '0:0:0:0:0:0:0:1', '2020-03-02 06:05:28');
INSERT INTO `sys_loginfo` VALUES ('318', '超级管理员大大-system', '0:0:0:0:0:0:0:1', '2020-03-02 06:13:22');
INSERT INTO `sys_loginfo` VALUES ('319', '超级管理员大大-system', '0:0:0:0:0:0:0:1', '2020-03-02 06:18:43');
INSERT INTO `sys_loginfo` VALUES ('320', '超级管理员大大-system', '0:0:0:0:0:0:0:1', '2020-03-02 06:20:30');
INSERT INTO `sys_loginfo` VALUES ('321', '超级管理员大大-system', '0:0:0:0:0:0:0:1', '2020-03-02 06:26:15');
INSERT INTO `sys_loginfo` VALUES ('322', '超级管理员大大-system', '0:0:0:0:0:0:0:1', '2020-03-02 06:37:02');
INSERT INTO `sys_loginfo` VALUES ('323', '超级管理员大大-system', '0:0:0:0:0:0:0:1', '2020-03-02 06:45:13');
INSERT INTO `sys_loginfo` VALUES ('324', '超级管理员大大-system', '0:0:0:0:0:0:0:1', '2020-03-02 06:46:14');
INSERT INTO `sys_loginfo` VALUES ('325', '超级管理员大大-system', '0:0:0:0:0:0:0:1', '2020-03-02 06:50:15');
INSERT INTO `sys_loginfo` VALUES ('326', '超级管理员大大-system', '0:0:0:0:0:0:0:1', '2020-03-02 06:51:45');
INSERT INTO `sys_loginfo` VALUES ('327', '超级管理员大大-system', '0:0:0:0:0:0:0:1', '2020-03-02 06:53:10');
INSERT INTO `sys_loginfo` VALUES ('328', '超级管理员大大-system', '0:0:0:0:0:0:0:1', '2020-03-02 06:53:49');
INSERT INTO `sys_loginfo` VALUES ('329', '超级管理员大大-system', '0:0:0:0:0:0:0:1', '2020-03-02 06:55:54');
INSERT INTO `sys_loginfo` VALUES ('330', '超级管理员大大-system', '0:0:0:0:0:0:0:1', '2020-03-02 06:59:28');
INSERT INTO `sys_loginfo` VALUES ('331', '超级管理员大大-system', '0:0:0:0:0:0:0:1', '2020-03-02 07:01:08');
INSERT INTO `sys_loginfo` VALUES ('332', '超级管理员大大-system', '0:0:0:0:0:0:0:1', '2020-03-02 07:01:32');
INSERT INTO `sys_loginfo` VALUES ('333', '超级管理员大大-system', '0:0:0:0:0:0:0:1', '2020-03-02 07:02:29');
INSERT INTO `sys_loginfo` VALUES ('334', '超级管理员大大-system', '0:0:0:0:0:0:0:1', '2020-03-02 07:03:15');
INSERT INTO `sys_loginfo` VALUES ('335', '超级管理员大大-system', '0:0:0:0:0:0:0:1', '2020-03-02 07:15:55');
INSERT INTO `sys_loginfo` VALUES ('336', '超级管理员大大-system', '0:0:0:0:0:0:0:1', '2020-03-02 07:30:13');
INSERT INTO `sys_loginfo` VALUES ('337', '超级管理员大大-system', '0:0:0:0:0:0:0:1', '2020-03-02 07:32:43');
INSERT INTO `sys_loginfo` VALUES ('338', '超级管理员大大-system', '0:0:0:0:0:0:0:1', '2020-03-02 07:37:44');
INSERT INTO `sys_loginfo` VALUES ('339', '超级管理员大大-system', '0:0:0:0:0:0:0:1', '2020-03-02 07:42:06');
INSERT INTO `sys_loginfo` VALUES ('340', '超级管理员大大-system', '0:0:0:0:0:0:0:1', '2020-03-02 07:42:33');
INSERT INTO `sys_loginfo` VALUES ('341', '超级管理员大大-system', '0:0:0:0:0:0:0:1', '2020-03-28 05:21:00');
INSERT INTO `sys_loginfo` VALUES ('342', '超级管理员大大-system', '0:0:0:0:0:0:0:1', '2020-04-09 11:18:06');
INSERT INTO `sys_loginfo` VALUES ('343', '超级管理员大大-system', '0:0:0:0:0:0:0:1', '2020-04-15 02:01:57');
INSERT INTO `sys_loginfo` VALUES ('344', '超级管理员大大-system', '127.0.0.1', '2020-04-21 06:06:37');
INSERT INTO `sys_loginfo` VALUES ('345', '超级管理员大大-system', '127.0.0.1', '2020-04-21 06:08:26');
INSERT INTO `sys_loginfo` VALUES ('346', '超级管理员-system', '127.0.0.1', '2020-04-21 06:09:51');
INSERT INTO `sys_loginfo` VALUES ('347', '超级管理员-system', '127.0.0.1', '2020-04-21 06:59:39');
INSERT INTO `sys_loginfo` VALUES ('348', '超级管理员-system', '127.0.0.1', '2020-04-21 07:02:46');
INSERT INTO `sys_loginfo` VALUES ('349', '超级管理员-system', '127.0.0.1', '2020-04-21 07:05:42');
INSERT INTO `sys_loginfo` VALUES ('350', '超级管理员-system', '127.0.0.1', '2020-04-21 07:06:02');
INSERT INTO `sys_loginfo` VALUES ('351', '超级管理员-system', '127.0.0.1', '2020-04-21 07:25:01');
INSERT INTO `sys_loginfo` VALUES ('352', '超级管理员-system', '0:0:0:0:0:0:0:1', '2020-04-23 07:25:37');
INSERT INTO `sys_loginfo` VALUES ('353', '超级管理员-system', '0:0:0:0:0:0:0:1', '2020-04-23 07:45:22');
INSERT INTO `sys_loginfo` VALUES ('354', '超级管理员-system', '0:0:0:0:0:0:0:1', '2020-04-24 08:49:29');
INSERT INTO `sys_loginfo` VALUES ('355', '超级管理员-system', '0:0:0:0:0:0:0:1', '2020-04-26 00:51:02');
INSERT INTO `sys_loginfo` VALUES ('356', '超级管理员-system', '0:0:0:0:0:0:0:1', '2020-04-26 01:24:32');
INSERT INTO `sys_loginfo` VALUES ('357', '超级管理员-system', '0:0:0:0:0:0:0:1', '2020-04-26 06:37:13');
INSERT INTO `sys_loginfo` VALUES ('358', '超级管理员-system', '0:0:0:0:0:0:0:1', '2020-04-26 07:35:20');
INSERT INTO `sys_loginfo` VALUES ('359', '超级管理员-system', '0:0:0:0:0:0:0:1', '2020-04-26 08:19:38');
INSERT INTO `sys_loginfo` VALUES ('360', '超级管理员-system', '0:0:0:0:0:0:0:1', '2020-04-27 05:44:29');
INSERT INTO `sys_loginfo` VALUES ('361', '超级管理员-system', '0:0:0:0:0:0:0:1', '2020-04-27 08:12:02');
INSERT INTO `sys_loginfo` VALUES ('362', '超级管理员-system', '0:0:0:0:0:0:0:1', '2020-04-27 08:59:28');
INSERT INTO `sys_loginfo` VALUES ('363', '超级管理员-system', '127.0.0.1', '2020-04-28 00:30:22');
INSERT INTO `sys_loginfo` VALUES ('364', '超级管理员-system', '127.0.0.1', '2020-04-28 00:36:28');
INSERT INTO `sys_loginfo` VALUES ('365', '超级管理员-system', '127.0.0.1', '2020-04-28 01:47:28');
INSERT INTO `sys_loginfo` VALUES ('366', '超级管理员-system', '127.0.0.1', '2020-04-28 02:01:11');
INSERT INTO `sys_loginfo` VALUES ('367', '超级管理员-system', '127.0.0.1', '2020-04-28 02:16:13');
INSERT INTO `sys_loginfo` VALUES ('368', '超级管理员-system', '127.0.0.1', '2020-04-28 02:29:21');
INSERT INTO `sys_loginfo` VALUES ('369', '超级管理员-system', '127.0.0.1', '2020-04-28 05:45:16');
INSERT INTO `sys_loginfo` VALUES ('370', '超级管理员-system', '127.0.0.1', '2020-04-30 01:17:04');
INSERT INTO `sys_loginfo` VALUES ('371', '超级管理员-system', '127.0.0.1', '2020-04-30 02:13:13');
INSERT INTO `sys_loginfo` VALUES ('372', '超级管理员-system', '127.0.0.1', '2020-04-30 03:07:56');
INSERT INTO `sys_loginfo` VALUES ('373', '超级管理员-system', '127.0.0.1', '2020-04-30 05:52:59');
INSERT INTO `sys_loginfo` VALUES ('374', '超级管理员-system', '127.0.0.1', '2020-04-30 07:44:32');
INSERT INTO `sys_loginfo` VALUES ('375', '超级管理员-system', '127.0.0.1', '2020-04-30 07:44:50');
INSERT INTO `sys_loginfo` VALUES ('376', '超级管理员-system', '127.0.0.1', '2020-04-30 08:03:56');
INSERT INTO `sys_loginfo` VALUES ('377', '超级管理员-system', '127.0.0.1', '2020-04-30 08:05:29');
INSERT INTO `sys_loginfo` VALUES ('378', '超级管理员-system', '127.0.0.1', '2020-04-30 08:07:23');
INSERT INTO `sys_loginfo` VALUES ('379', '超级管理员-system', '127.0.0.1', '2020-05-03 11:05:09');
INSERT INTO `sys_loginfo` VALUES ('380', '超级管理员-system', '127.0.0.1', '2020-05-06 00:41:34');
INSERT INTO `sys_loginfo` VALUES ('381', '超级管理员-system', '127.0.0.1', '2020-05-06 01:33:09');
INSERT INTO `sys_loginfo` VALUES ('382', '超级管理员-system', '127.0.0.1', '2020-05-06 05:48:27');
INSERT INTO `sys_loginfo` VALUES ('383', '超级管理员-system', '127.0.0.1', '2020-06-30 05:46:54');
INSERT INTO `sys_loginfo` VALUES ('384', '超级管理员-system', '127.0.0.1', '2020-06-30 06:24:00');
INSERT INTO `sys_loginfo` VALUES ('385', '超级管理员-system', '127.0.0.1', '2020-06-30 06:33:03');
INSERT INTO `sys_loginfo` VALUES ('386', '超级管理员-system', '127.0.0.1', '2020-06-30 07:15:46');
INSERT INTO `sys_loginfo` VALUES ('387', '超级管理员-system', '127.0.0.1', '2020-06-30 07:21:00');
INSERT INTO `sys_loginfo` VALUES ('388', '超级管理员-system', '127.0.0.1', '2020-06-30 07:30:58');
INSERT INTO `sys_loginfo` VALUES ('389', '超级管理员-system', '127.0.0.1', '2020-06-30 07:32:30');
INSERT INTO `sys_loginfo` VALUES ('390', '超级管理员-system', '127.0.0.1', '2020-06-30 07:58:39');
INSERT INTO `sys_loginfo` VALUES ('391', '超级管理员-system', '127.0.0.1', '2020-06-30 08:06:18');
INSERT INTO `sys_loginfo` VALUES ('392', '超级管理员-system', '127.0.0.1', '2020-06-30 08:17:23');
INSERT INTO `sys_loginfo` VALUES ('393', '超级管理员-system', '127.0.0.1', '2020-06-30 08:26:50');
INSERT INTO `sys_loginfo` VALUES ('394', '超级管理员-system', '127.0.0.1', '2020-06-30 08:30:20');
INSERT INTO `sys_loginfo` VALUES ('395', '超级管理员-system', '127.0.0.1', '2020-06-30 08:33:17');
INSERT INTO `sys_loginfo` VALUES ('396', '超级管理员-system', '127.0.0.1', '2020-06-30 08:35:39');
INSERT INTO `sys_loginfo` VALUES ('397', '超级管理员-system', '127.0.0.1', '2020-06-30 08:40:12');
INSERT INTO `sys_loginfo` VALUES ('398', '超级管理员-system', '127.0.0.1', '2020-06-30 08:50:01');
INSERT INTO `sys_loginfo` VALUES ('399', '超级管理员-system', '127.0.0.1', '2020-06-30 08:52:57');
INSERT INTO `sys_loginfo` VALUES ('400', '超级管理员-system', '127.0.0.1', '2020-06-30 08:58:39');
INSERT INTO `sys_loginfo` VALUES ('401', '超级管理员-system', '127.0.0.1', '2020-06-30 09:01:39');
INSERT INTO `sys_loginfo` VALUES ('402', '超级管理员-system', '127.0.0.1', '2020-07-01 00:49:48');
INSERT INTO `sys_loginfo` VALUES ('403', '超级管理员-system', '127.0.0.1', '2020-07-01 02:05:43');
INSERT INTO `sys_loginfo` VALUES ('404', '超级管理员-system', '127.0.0.1', '2020-07-01 02:05:53');
INSERT INTO `sys_loginfo` VALUES ('405', '超级管理员-system', '127.0.0.1', '2020-07-01 02:13:55');
INSERT INTO `sys_loginfo` VALUES ('406', '超级管理员-system', '127.0.0.1', '2020-07-01 02:15:12');
INSERT INTO `sys_loginfo` VALUES ('407', '超级管理员-system', '127.0.0.1', '2020-07-01 02:20:55');
INSERT INTO `sys_loginfo` VALUES ('408', '超级管理员-system', '127.0.0.1', '2020-07-01 02:33:50');
INSERT INTO `sys_loginfo` VALUES ('409', '超级管理员-system', '127.0.0.1', '2020-07-01 02:42:36');
INSERT INTO `sys_loginfo` VALUES ('410', '超级管理员-system', '127.0.0.1', '2020-07-01 02:45:09');
INSERT INTO `sys_loginfo` VALUES ('411', '超级管理员-system', '127.0.0.1', '2020-07-01 02:47:54');
INSERT INTO `sys_loginfo` VALUES ('412', '超级管理员-system', '127.0.0.1', '2020-07-01 02:52:39');
INSERT INTO `sys_loginfo` VALUES ('413', '超级管理员-system', '127.0.0.1', '2020-07-01 03:04:01');
INSERT INTO `sys_loginfo` VALUES ('414', '超级管理员-system', '127.0.0.1', '2020-07-01 03:06:41');
INSERT INTO `sys_loginfo` VALUES ('415', '超级管理员-system', '127.0.0.1', '2020-07-01 03:20:43');
INSERT INTO `sys_loginfo` VALUES ('416', '超级管理员-system', '127.0.0.1', '2020-07-01 03:21:27');
INSERT INTO `sys_loginfo` VALUES ('417', '超级管理员-system', '127.0.0.1', '2020-07-01 03:23:12');
INSERT INTO `sys_loginfo` VALUES ('418', '超级管理员-system', '127.0.0.1', '2020-07-01 03:41:59');
INSERT INTO `sys_loginfo` VALUES ('419', '赵六-zl', '127.0.0.1', '2020-07-01 03:42:18');
INSERT INTO `sys_loginfo` VALUES ('420', '赵六-zl', '127.0.0.1', '2020-07-01 03:44:16');
INSERT INTO `sys_loginfo` VALUES ('421', '李四-ls', '127.0.0.1', '2020-07-01 03:46:09');
INSERT INTO `sys_loginfo` VALUES ('422', '王五-ww', '127.0.0.1', '2020-07-01 03:47:16');
INSERT INTO `sys_loginfo` VALUES ('423', '王五-ww', '127.0.0.1', '2020-07-01 05:13:29');
INSERT INTO `sys_loginfo` VALUES ('424', '刘八-lb', '127.0.0.1', '2020-07-01 05:14:02');
INSERT INTO `sys_loginfo` VALUES ('425', '刘八-lb', '127.0.0.1', '2020-07-01 05:15:08');
INSERT INTO `sys_loginfo` VALUES ('426', '刘八-lb', '127.0.0.1', '2020-07-01 05:17:01');
INSERT INTO `sys_loginfo` VALUES ('427', '超级管理员-system', '127.0.0.1', '2020-07-01 05:21:34');
INSERT INTO `sys_loginfo` VALUES ('428', '王五-ww', '127.0.0.1', '2020-07-01 05:21:54');
INSERT INTO `sys_loginfo` VALUES ('429', '李四-ls', '127.0.0.1', '2020-07-01 05:22:16');
INSERT INTO `sys_loginfo` VALUES ('430', '刘八-lb', '127.0.0.1', '2020-07-01 05:29:38');
INSERT INTO `sys_loginfo` VALUES ('431', '超级管理员-system', '127.0.0.1', '2020-07-01 05:35:02');
INSERT INTO `sys_loginfo` VALUES ('432', '超级管理员-system', '127.0.0.1', '2020-07-01 07:22:50');
INSERT INTO `sys_loginfo` VALUES ('433', '超级管理员-system', '127.0.0.1', '2020-07-01 07:58:26');
INSERT INTO `sys_loginfo` VALUES ('434', '超级管理员-system', '127.0.0.1', '2020-07-01 08:45:17');
INSERT INTO `sys_loginfo` VALUES ('435', '超级管理员-system', '127.0.0.1', '2020-07-01 09:19:57');
INSERT INTO `sys_loginfo` VALUES ('436', '超级管理员-system', '127.0.0.1', '2020-07-01 09:33:20');
INSERT INTO `sys_loginfo` VALUES ('437', '超级管理员-system', '127.0.0.1', '2020-07-01 09:37:30');
INSERT INTO `sys_loginfo` VALUES ('438', '超级管理员-system', '127.0.0.1', '2020-07-02 01:01:59');
INSERT INTO `sys_loginfo` VALUES ('439', '超级管理员-system', '127.0.0.1', '2020-07-02 01:41:10');
INSERT INTO `sys_loginfo` VALUES ('440', '超级管理员-system', '127.0.0.1', '2020-07-02 02:55:30');
INSERT INTO `sys_loginfo` VALUES ('441', '超级管理员-system', '127.0.0.1', '2020-07-02 03:05:36');
INSERT INTO `sys_loginfo` VALUES ('442', '超级管理员-system', '127.0.0.1', '2020-07-02 05:32:15');
INSERT INTO `sys_loginfo` VALUES ('443', '超级管理员-system', '127.0.0.1', '2020-07-02 05:52:03');
INSERT INTO `sys_loginfo` VALUES ('444', '超级管理员-system', '127.0.0.1', '2020-07-02 06:09:53');
INSERT INTO `sys_loginfo` VALUES ('445', '超级管理员-system', '127.0.0.1', '2020-07-02 06:12:27');
INSERT INTO `sys_loginfo` VALUES ('446', '超级管理员-system', '127.0.0.1', '2020-07-02 06:15:11');
INSERT INTO `sys_loginfo` VALUES ('447', '超级管理员-system', '127.0.0.1', '2020-07-02 06:47:49');
INSERT INTO `sys_loginfo` VALUES ('448', '超级管理员-system', '127.0.0.1', '2020-07-02 07:20:41');
INSERT INTO `sys_loginfo` VALUES ('449', '超级管理员-system', '127.0.0.1', '2020-07-02 07:32:40');
INSERT INTO `sys_loginfo` VALUES ('450', '超级管理员-system', '127.0.0.1', '2020-07-02 07:49:15');
INSERT INTO `sys_loginfo` VALUES ('451', '刘八-lb', '127.0.0.1', '2020-07-02 07:49:51');
INSERT INTO `sys_loginfo` VALUES ('452', '刘八-lb', '127.0.0.1', '2020-07-02 07:59:08');
INSERT INTO `sys_loginfo` VALUES ('453', '刘八-lb', '127.0.0.1', '2020-07-02 08:01:45');
INSERT INTO `sys_loginfo` VALUES ('454', '超级管理员-system', '127.0.0.1', '2020-07-02 08:08:35');
INSERT INTO `sys_loginfo` VALUES ('455', '超级管理员-system', '127.0.0.1', '2020-07-02 08:19:06');
INSERT INTO `sys_loginfo` VALUES ('456', '超级管理员-system', '127.0.0.1', '2020-07-02 08:22:48');
INSERT INTO `sys_loginfo` VALUES ('457', '超级管理员-system', '127.0.0.1', '2020-07-02 08:43:13');
INSERT INTO `sys_loginfo` VALUES ('458', '赵六-zl', '127.0.0.1', '2020-07-02 08:44:33');
INSERT INTO `sys_loginfo` VALUES ('459', '赵六-zl', '127.0.0.1', '2020-07-02 08:51:59');
INSERT INTO `sys_loginfo` VALUES ('460', '赵六-zl', '127.0.0.1', '2020-07-02 09:04:08');
INSERT INTO `sys_loginfo` VALUES ('461', '赵六-zl', '127.0.0.1', '2020-07-02 09:08:17');
INSERT INTO `sys_loginfo` VALUES ('462', '赵六-zl', '127.0.0.1', '2020-07-02 10:32:35');
INSERT INTO `sys_loginfo` VALUES ('463', '赵六-zl', '127.0.0.1', '2020-07-03 00:36:38');
INSERT INTO `sys_loginfo` VALUES ('464', '超级管理员-system', '127.0.0.1', '2020-07-03 00:40:40');
INSERT INTO `sys_loginfo` VALUES ('465', '刘八-lb', '127.0.0.1', '2020-07-03 00:41:12');
INSERT INTO `sys_loginfo` VALUES ('466', '刘八-lb', '127.0.0.1', '2020-07-03 02:11:27');
INSERT INTO `sys_loginfo` VALUES ('467', '刘八-lb', '127.0.0.1', '2020-07-03 02:39:55');
INSERT INTO `sys_loginfo` VALUES ('468', '刘八-lb', '127.0.0.1', '2020-07-03 05:08:42');
INSERT INTO `sys_loginfo` VALUES ('469', '刘八-lb', '127.0.0.1', '2020-07-03 05:09:28');
INSERT INTO `sys_loginfo` VALUES ('470', '王五-ww', '127.0.0.1', '2020-07-03 05:33:46');
INSERT INTO `sys_loginfo` VALUES ('471', '刘八-lb', '127.0.0.1', '2020-07-03 05:43:27');
INSERT INTO `sys_loginfo` VALUES ('472', '刘八-lb', '127.0.0.1', '2020-07-03 05:45:30');
INSERT INTO `sys_loginfo` VALUES ('473', '刘八-lb', '127.0.0.1', '2020-07-03 05:47:08');
INSERT INTO `sys_loginfo` VALUES ('474', '赵六-zl', '127.0.0.1', '2020-07-03 05:47:36');
INSERT INTO `sys_loginfo` VALUES ('475', '赵六-zl', '127.0.0.1', '2020-07-03 05:50:42');
INSERT INTO `sys_loginfo` VALUES ('476', '赵六-zl', '127.0.0.1', '2020-07-03 06:26:43');
INSERT INTO `sys_loginfo` VALUES ('477', '孙七-sq', '127.0.0.1', '2020-07-03 06:27:27');
INSERT INTO `sys_loginfo` VALUES ('478', '孙七-sq', '127.0.0.1', '2020-07-03 06:30:09');
INSERT INTO `sys_loginfo` VALUES ('479', '赵六-zl', '127.0.0.1', '2020-07-03 06:32:07');
INSERT INTO `sys_loginfo` VALUES ('480', '赵六-zl', '127.0.0.1', '2020-07-03 06:40:03');
INSERT INTO `sys_loginfo` VALUES ('481', '王五-ww', '127.0.0.1', '2020-07-03 06:41:46');
INSERT INTO `sys_loginfo` VALUES ('482', '李四-ls', '127.0.0.1', '2020-07-03 06:42:34');
INSERT INTO `sys_loginfo` VALUES ('483', '赵六-zl', '127.0.0.1', '2020-07-03 06:43:26');
INSERT INTO `sys_loginfo` VALUES ('484', '孙七-sq', '127.0.0.1', '2020-07-03 06:45:26');
INSERT INTO `sys_loginfo` VALUES ('485', '赵六-zl', '127.0.0.1', '2020-07-03 06:46:35');
INSERT INTO `sys_loginfo` VALUES ('486', '王五-ww', '127.0.0.1', '2020-07-03 06:47:26');
INSERT INTO `sys_loginfo` VALUES ('487', '李四-ls', '127.0.0.1', '2020-07-03 06:47:53');
INSERT INTO `sys_loginfo` VALUES ('488', '孙七-sq', '127.0.0.1', '2020-07-03 06:48:16');
INSERT INTO `sys_loginfo` VALUES ('489', '赵六-zl', '127.0.0.1', '2020-07-03 06:50:43');
INSERT INTO `sys_loginfo` VALUES ('490', '王五-ww', '127.0.0.1', '2020-07-03 06:51:06');
INSERT INTO `sys_loginfo` VALUES ('491', '李四-ls', '127.0.0.1', '2020-07-03 06:51:46');
INSERT INTO `sys_loginfo` VALUES ('492', '孙七-sq', '127.0.0.1', '2020-07-03 06:52:04');
INSERT INTO `sys_loginfo` VALUES ('493', '孙七-sq', '127.0.0.1', '2020-07-03 08:32:49');
INSERT INTO `sys_loginfo` VALUES ('494', '孙七-sq', '127.0.0.1', '2020-07-06 01:00:44');
INSERT INTO `sys_loginfo` VALUES ('495', '孙七-sq', '127.0.0.1', '2020-07-06 02:13:10');
INSERT INTO `sys_loginfo` VALUES ('496', '孙七-sq', '127.0.0.1', '2020-07-06 02:26:54');
INSERT INTO `sys_loginfo` VALUES ('497', '孙七-sq', '127.0.0.1', '2020-07-06 02:36:25');
INSERT INTO `sys_loginfo` VALUES ('498', '孙七-sq', '127.0.0.1', '2020-07-06 03:13:25');
INSERT INTO `sys_loginfo` VALUES ('499', '孙七-sq', '127.0.0.1', '2020-07-06 05:25:31');
INSERT INTO `sys_loginfo` VALUES ('500', '赵六-zl', '127.0.0.1', '2020-07-06 05:30:51');
INSERT INTO `sys_loginfo` VALUES ('501', '王五-ww', '127.0.0.1', '2020-07-06 05:31:56');
INSERT INTO `sys_loginfo` VALUES ('502', '孙七-sq', '127.0.0.1', '2020-07-06 05:32:49');
INSERT INTO `sys_loginfo` VALUES ('503', '超级管理员-system', '127.0.0.1', '2020-07-06 05:33:55');
INSERT INTO `sys_loginfo` VALUES ('504', '超级管理员-system', '127.0.0.1', '2020-07-06 06:00:56');
INSERT INTO `sys_loginfo` VALUES ('505', '超级管理员-system', '127.0.0.1', '2020-07-06 06:01:33');

-- ----------------------------
-- Table structure for sys_notice
-- ----------------------------
DROP TABLE IF EXISTS `sys_notice`;
CREATE TABLE `sys_notice` (
  `id` int(11) NOT NULL AUTO_INCREMENT,
  `title` varchar(255) DEFAULT NULL,
  `content` text,
  `createtime` datetime DEFAULT NULL,
  `opername` varchar(255) DEFAULT NULL,
  PRIMARY KEY (`id`) USING BTREE
) ENGINE=InnoDB AUTO_INCREMENT=30 DEFAULT CHARSET=utf8 ROW_FORMAT=DYNAMIC;

-- ----------------------------
-- Records of sys_notice
-- ----------------------------
INSERT INTO `sys_notice` VALUES ('1', '关于系统V1.3更新公告', '2', '2018-08-07 00:00:00', '管理员');
INSERT INTO `sys_notice` VALUES ('10', '关于系统V1.2更新公告', '12312312<img src=\"/resources/layui/images/face/42.gif\" alt=\"[抓狂]\">', '2018-08-07 00:00:00', '超级管理员');
INSERT INTO `sys_notice` VALUES ('11', '关于系统V1.1更新公告', '21321321321<img src=\"/resources/layui/images/face/18.gif\" alt=\"[右哼哼]\">', '2018-08-07 00:00:00', '超级管理员');
INSERT INTO `sys_notice` VALUES ('16', '13123113', 'wqeweqwe2', '2020-02-04 06:07:10', '超级管理员');
INSERT INTO `sys_notice` VALUES ('22', '', '', '2020-02-04 06:15:49', '超级管理员');
INSERT INTO `sys_notice` VALUES ('23', '', '', '2020-02-04 06:23:59', '超级管理员');
INSERT INTO `sys_notice` VALUES ('26', '1111', '1111', '2020-04-27 05:44:49', '超级管理员');
INSERT INTO `sys_notice` VALUES ('27', '22222', '22222', '2020-04-27 05:45:07', '超级管理员');
INSERT INTO `sys_notice` VALUES ('28', '111', '111', '2020-07-02 07:52:32', '刘八');
INSERT INTO `sys_notice` VALUES ('29', '222', '222', '2020-07-02 07:52:57', '刘八');

-- ----------------------------
-- Table structure for sys_permission
-- ----------------------------
DROP TABLE IF EXISTS `sys_permission`;
CREATE TABLE `sys_permission` (
  `id` int(11) NOT NULL AUTO_INCREMENT,
  `pid` int(11) DEFAULT NULL,
  `type` varchar(255) DEFAULT NULL COMMENT '权限类型[menu/permission]',
  `title` varchar(255) DEFAULT NULL,
  `percode` varchar(255) DEFAULT NULL COMMENT '权限编码[只有type= permission才有  user:view]',
  `icon` varchar(255) DEFAULT NULL,
  `href` varchar(255) DEFAULT NULL,
  `target` varchar(255) DEFAULT NULL,
  `open` int(11) DEFAULT NULL,
  `ordernum` int(11) DEFAULT NULL,
  `available` int(11) DEFAULT NULL COMMENT '状态【0不可用1可用】',
  PRIMARY KEY (`id`) USING BTREE
) ENGINE=InnoDB AUTO_INCREMENT=106 DEFAULT CHARSET=utf8 ROW_FORMAT=DYNAMIC;

-- ----------------------------
-- Records of sys_permission
-- ----------------------------
INSERT INTO `sys_permission` VALUES ('1', '0', 'menu', '尚学堂进销存管理系统', null, '&#xe68e;', '', '', '1', '1', '1');
INSERT INTO `sys_permission` VALUES ('2', '1', 'menu', '基础管理', null, '&#xe857;', '', '', '0', '2', '1');
INSERT INTO `sys_permission` VALUES ('3', '1', 'menu', '进货管理', null, '&#xe645;', '', null, '0', '3', '1');
INSERT INTO `sys_permission` VALUES ('4', '1', 'menu', '销售管理', null, '&#xe611;', '', '', '0', '4', '1');
INSERT INTO `sys_permission` VALUES ('5', '1', 'menu', '系统管理', null, '&#xe614;', '', '', '0', '5', '1');
INSERT INTO `sys_permission` VALUES ('6', '1', 'menu', '其它管理', null, '&#xe628;', '', '', '0', '6', '1');
INSERT INTO `sys_permission` VALUES ('7', '2', 'menu', '客户管理', null, '&#xe651;', '/bus/toCustomerManager', '', '0', '7', '1');
INSERT INTO `sys_permission` VALUES ('8', '2', 'menu', '供应商管理', null, '&#xe658;', '/bus/toProviderManager', '', '0', '8', '1');
INSERT INTO `sys_permission` VALUES ('9', '2', 'menu', '商品管理', null, '&#xe657;', '/bus/toGoodsManager', '', '0', '9', '1');
INSERT INTO `sys_permission` VALUES ('10', '3', 'menu', '商品进货', null, '&#xe756;', '/bus/toInportManager', '', '0', '10', '1');
INSERT INTO `sys_permission` VALUES ('11', '3', 'menu', '商品退货查询', null, '&#xe65a;', '/bus/toOutportManager', '', '0', '11', '1');
INSERT INTO `sys_permission` VALUES ('12', '4', 'menu', '商品销售', null, '&#xe65b;', '/bus/toSaleManager', '', '0', '12', '1');
INSERT INTO `sys_permission` VALUES ('13', '4', 'menu', '销售退货查询', null, '&#xe770;', '/bus/toSaleBackManager', '', '0', '13', '1');
INSERT INTO `sys_permission` VALUES ('14', '5', 'menu', '部门管理', null, '&#xe770;', '/sys/toDeptManager', '', '0', '14', '1');
INSERT INTO `sys_permission` VALUES ('15', '5', 'menu', '菜单管理', null, '&#xe857;', '/sys/toMenuManager', '', '0', '15', '1');
INSERT INTO `sys_permission` VALUES ('16', '5', 'menu', '权限管理', '', '&#xe857;', '/sys/toPermissionManager', '', '0', '16', '1');
INSERT INTO `sys_permission` VALUES ('17', '5', 'menu', '角色管理', '', '&#xe650;', '/sys/toRoleInfo', '', '0', '17', '1');
INSERT INTO `sys_permission` VALUES ('18', '5', 'menu', '用户管理', '', '&#xe612;', '/sys/toUserManager', '', '0', '18', '1');
INSERT INTO `sys_permission` VALUES ('21', '6', 'menu', '登陆日志', null, '&#xe675;', '/sys/toLogInfo', '', '0', '21', '1');
INSERT INTO `sys_permission` VALUES ('22', '6', 'menu', '系统公告', null, '&#xe756;', '/sys/toNoticeInfo', null, '0', '22', '1');
INSERT INTO `sys_permission` VALUES ('23', '6', 'menu', '图标管理', null, '&#xe670;', '../resources/page/icon.html', null, '0', '23', '1');
INSERT INTO `sys_permission` VALUES ('30', '14', 'permission', '添加部门', 'dept:create', '', null, null, '0', '24', '1');
INSERT INTO `sys_permission` VALUES ('31', '14', 'permission', '修改部门', 'dept:update', '', null, null, '0', '26', '1');
INSERT INTO `sys_permission` VALUES ('32', '14', 'permission', '删除部门', 'dept:delete', '', null, null, '0', '27', '1');
INSERT INTO `sys_permission` VALUES ('34', '15', 'permission', '添加菜单', 'menu:create', '', '', '', '0', '29', '1');
INSERT INTO `sys_permission` VALUES ('35', '15', 'permission', '修改菜单', 'menu:update', '', null, null, '0', '30', '1');
INSERT INTO `sys_permission` VALUES ('36', '15', 'permission', '删除菜单', 'menu:delete', '', null, null, '0', '31', '1');
INSERT INTO `sys_permission` VALUES ('38', '16', 'permission', '添加权限', 'permission:create', '', null, null, '0', '33', '1');
INSERT INTO `sys_permission` VALUES ('39', '16', 'permission', '修改权限', 'permission:update', '', null, null, '0', '34', '1');
INSERT INTO `sys_permission` VALUES ('40', '16', 'permission', '删除权限', 'permission:delete', '', null, null, '0', '35', '1');
INSERT INTO `sys_permission` VALUES ('42', '17', 'permission', '添加角色', 'role:create', '', null, null, '0', '37', '1');
INSERT INTO `sys_permission` VALUES ('43', '17', 'permission', '修改角色', 'role:update', '', null, null, '0', '38', '1');
INSERT INTO `sys_permission` VALUES ('44', '17', 'permission', '角色删除', 'role:delete', '', null, null, '0', '39', '1');
INSERT INTO `sys_permission` VALUES ('46', '17', 'permission', '分配权限', 'role:selectPermission', '', null, null, '0', '41', '1');
INSERT INTO `sys_permission` VALUES ('47', '18', 'permission', '添加用户', 'user:create', '', 'inport', null, '0', '42', '1');
INSERT INTO `sys_permission` VALUES ('48', '18', 'permission', '修改用户', 'user:update', '', null, null, '0', '43', '1');
INSERT INTO `sys_permission` VALUES ('49', '18', 'permission', '删除用户', 'user:delete', '', null, null, '0', '44', '1');
INSERT INTO `sys_permission` VALUES ('51', '18', 'permission', '用户分配角色', 'user:selectRole', '', null, null, '0', '46', '1');
INSERT INTO `sys_permission` VALUES ('52', '18', 'permission', '重置密码', 'user:resetPwd', null, null, null, '0', '47', '1');
INSERT INTO `sys_permission` VALUES ('53', '14', 'permission', '部门查询', 'dept:view', null, null, null, '0', '48', '1');
INSERT INTO `sys_permission` VALUES ('54', '15', 'permission', '菜单查询', 'menu:view', null, null, null, '0', '49', '1');
INSERT INTO `sys_permission` VALUES ('55', '16', 'permission', '权限查询', 'permission:view', null, null, null, '0', '50', '1');
INSERT INTO `sys_permission` VALUES ('56', '17', 'permission', '角色查询', 'role:view', null, null, null, '0', '51', '1');
INSERT INTO `sys_permission` VALUES ('57', '18', 'permission', '用户查询', 'user:view', null, null, null, '0', '52', '1');
INSERT INTO `sys_permission` VALUES ('68', '7', 'permission', '客户查询', 'customer:view', null, null, null, null, '60', '1');
INSERT INTO `sys_permission` VALUES ('69', '7', 'permission', '客户添加', 'customer:create', null, null, null, null, '61', '1');
INSERT INTO `sys_permission` VALUES ('70', '7', 'permission', '客户修改', 'customer:update', null, null, null, null, '62', '1');
INSERT INTO `sys_permission` VALUES ('71', '7', 'permission', '客户删除', 'customer:delete', null, null, null, null, '63', '1');
INSERT INTO `sys_permission` VALUES ('73', '21', 'permission', '日志查询', 'info:view', null, null, null, null, '65', '1');
INSERT INTO `sys_permission` VALUES ('74', '21', 'permission', '日志删除', 'info:delete', null, null, null, null, '66', '1');
INSERT INTO `sys_permission` VALUES ('75', '21', 'permission', '日志批量删除', 'info:batchdelete', null, null, null, null, '67', '1');
INSERT INTO `sys_permission` VALUES ('76', '22', 'permission', '公告查询', 'notice:view', null, null, null, null, '68', '1');
INSERT INTO `sys_permission` VALUES ('77', '22', 'permission', '公告添加', 'notice:create', null, null, null, null, '69', '1');
INSERT INTO `sys_permission` VALUES ('78', '22', 'permission', '公告修改', 'notice:update', null, null, null, null, '70', '1');
INSERT INTO `sys_permission` VALUES ('79', '22', 'permission', '公告删除', 'notice:delete', null, null, null, null, '71', '1');
INSERT INTO `sys_permission` VALUES ('81', '8', 'permission', '供应商查询', 'provider:view', null, null, null, null, '73', '1');
INSERT INTO `sys_permission` VALUES ('82', '8', 'permission', '供应商添加', 'provider:create', null, null, null, null, '74', '1');
INSERT INTO `sys_permission` VALUES ('83', '8', 'permission', '供应商修改', 'provider:update', null, null, null, null, '75', '1');
INSERT INTO `sys_permission` VALUES ('84', '8', 'permission', '供应商删除', 'provider:delete', null, null, null, null, '76', '1');
INSERT INTO `sys_permission` VALUES ('86', '22', 'permission', '公告查看', 'notice:viewnotice', null, null, null, null, '78', '1');
INSERT INTO `sys_permission` VALUES ('91', '9', 'permission', '商品查询', 'goods:view', null, null, null, '0', '79', '1');
INSERT INTO `sys_permission` VALUES ('92', '9', 'permission', '商品添加', 'goods:create', null, null, null, '0', '80', '1');
INSERT INTO `sys_permission` VALUES ('97', '9', 'permission', '商品删除', 'goods:delete', null, null, null, '0', '81', '1');
INSERT INTO `sys_permission` VALUES ('98', '6', 'menu', '缓存管理', null, '&#xe656;', '/sys/toCacheManager', '', '1', '82', '1');
INSERT INTO `sys_permission` VALUES ('99', '1', 'menu', '流程管理', null, '&#xe679;', '', '', '0', '83', '1');
INSERT INTO `sys_permission` VALUES ('100', '99', 'menu', '流程管理', null, '&#xe66e;', '/sys/toWorkFlowManager', '', '0', '84', '1');
INSERT INTO `sys_permission` VALUES ('101', '99', 'menu', '查询历史流程', null, '&#xe674;', '/sys/toHistoryWorkFlow', '', '0', '85', '1');
INSERT INTO `sys_permission` VALUES ('102', '1', 'menu', '审批管理', null, '&#xe653;', '', '', '0', '86', '1');
INSERT INTO `sys_permission` VALUES ('103', '102', 'menu', '请假单管理', null, '&#xe66a;', '/sys/toLeaveManager', '', '0', '87', '1');
INSERT INTO `sys_permission` VALUES ('104', '102', 'menu', '待办任务', null, '&#xe668;', '/sys/toTaskManager', '', '0', '88', '1');
INSERT INTO `sys_permission` VALUES ('105', '102', 'menu', '审批记录', null, '&#xe665;', '/sys/toQueryHistory', '', '0', '89', '1');

-- ----------------------------
-- Table structure for sys_role
-- ----------------------------
DROP TABLE IF EXISTS `sys_role`;
CREATE TABLE `sys_role` (
  `id` int(11) NOT NULL AUTO_INCREMENT,
  `name` varchar(255) DEFAULT NULL,
  `remark` varchar(255) DEFAULT NULL,
  `available` int(11) DEFAULT NULL,
  `createtime` datetime DEFAULT NULL,
  PRIMARY KEY (`id`) USING BTREE
) ENGINE=InnoDB AUTO_INCREMENT=10 DEFAULT CHARSET=utf8 ROW_FORMAT=DYNAMIC;

-- ----------------------------
-- Records of sys_role
-- ----------------------------
INSERT INTO `sys_role` VALUES ('1', '超级管理员', '拥有所有菜单权限', '1', '2019-04-10 14:06:32');
INSERT INTO `sys_role` VALUES ('4', '基础数据管理员', '基础数据管理员', '1', '2019-04-10 14:06:32');
INSERT INTO `sys_role` VALUES ('5', '仓库管理员', '仓库管理员', '1', '2019-04-10 14:06:32');
INSERT INTO `sys_role` VALUES ('6', '销售管理员', '销售管理员', '1', '2019-04-10 14:06:32');
INSERT INTO `sys_role` VALUES ('7', '系统管理员', '系统管理员', '1', '2019-04-10 14:06:32');
INSERT INTO `sys_role` VALUES ('8', '流程管理权限', '流程管理权限', '1', '2020-06-30 06:35:46');
INSERT INTO `sys_role` VALUES ('9', '审批权限', '审批权限', '1', '2020-06-30 06:36:00');

-- ----------------------------
-- Table structure for sys_role_permission
-- ----------------------------
DROP TABLE IF EXISTS `sys_role_permission`;
CREATE TABLE `sys_role_permission` (
  `rid` int(11) NOT NULL,
  `pid` int(11) NOT NULL,
  PRIMARY KEY (`pid`,`rid`) USING BTREE,
  KEY `FK_tcsr9ucxypb3ce1q5qngsfk33` (`rid`) USING BTREE,
  CONSTRAINT `sys_role_permission_ibfk_1` FOREIGN KEY (`pid`) REFERENCES `sys_permission` (`id`) ON DELETE CASCADE,
  CONSTRAINT `sys_role_permission_ibfk_2` FOREIGN KEY (`rid`) REFERENCES `sys_role` (`id`) ON DELETE CASCADE
) ENGINE=InnoDB DEFAULT CHARSET=utf8 ROW_FORMAT=DYNAMIC;

-- ----------------------------
-- Records of sys_role_permission
-- ----------------------------
INSERT INTO `sys_role_permission` VALUES ('1', '1');
INSERT INTO `sys_role_permission` VALUES ('1', '2');
INSERT INTO `sys_role_permission` VALUES ('1', '3');
INSERT INTO `sys_role_permission` VALUES ('1', '4');
INSERT INTO `sys_role_permission` VALUES ('1', '5');
INSERT INTO `sys_role_permission` VALUES ('1', '6');
INSERT INTO `sys_role_permission` VALUES ('1', '7');
INSERT INTO `sys_role_permission` VALUES ('1', '8');
INSERT INTO `sys_role_permission` VALUES ('1', '9');
INSERT INTO `sys_role_permission` VALUES ('1', '10');
INSERT INTO `sys_role_permission` VALUES ('1', '11');
INSERT INTO `sys_role_permission` VALUES ('1', '12');
INSERT INTO `sys_role_permission` VALUES ('1', '13');
INSERT INTO `sys_role_permission` VALUES ('1', '14');
INSERT INTO `sys_role_permission` VALUES ('1', '15');
INSERT INTO `sys_role_permission` VALUES ('1', '16');
INSERT INTO `sys_role_permission` VALUES ('1', '17');
INSERT INTO `sys_role_permission` VALUES ('1', '18');
INSERT INTO `sys_role_permission` VALUES ('1', '21');
INSERT INTO `sys_role_permission` VALUES ('1', '22');
INSERT INTO `sys_role_permission` VALUES ('1', '23');
INSERT INTO `sys_role_permission` VALUES ('1', '31');
INSERT INTO `sys_role_permission` VALUES ('1', '34');
INSERT INTO `sys_role_permission` VALUES ('1', '35');
INSERT INTO `sys_role_permission` VALUES ('1', '36');
INSERT INTO `sys_role_permission` VALUES ('1', '38');
INSERT INTO `sys_role_permission` VALUES ('1', '39');
INSERT INTO `sys_role_permission` VALUES ('1', '40');
INSERT INTO `sys_role_permission` VALUES ('1', '42');
INSERT INTO `sys_role_permission` VALUES ('1', '43');
INSERT INTO `sys_role_permission` VALUES ('1', '44');
INSERT INTO `sys_role_permission` VALUES ('1', '46');
INSERT INTO `sys_role_permission` VALUES ('1', '47');
INSERT INTO `sys_role_permission` VALUES ('1', '48');
INSERT INTO `sys_role_permission` VALUES ('1', '49');
INSERT INTO `sys_role_permission` VALUES ('1', '51');
INSERT INTO `sys_role_permission` VALUES ('1', '52');
INSERT INTO `sys_role_permission` VALUES ('1', '53');
INSERT INTO `sys_role_permission` VALUES ('1', '54');
INSERT INTO `sys_role_permission` VALUES ('1', '55');
INSERT INTO `sys_role_permission` VALUES ('1', '56');
INSERT INTO `sys_role_permission` VALUES ('1', '57');
INSERT INTO `sys_role_permission` VALUES ('1', '68');
INSERT INTO `sys_role_permission` VALUES ('1', '69');
INSERT INTO `sys_role_permission` VALUES ('1', '70');
INSERT INTO `sys_role_permission` VALUES ('1', '71');
INSERT INTO `sys_role_permission` VALUES ('1', '73');
INSERT INTO `sys_role_permission` VALUES ('1', '74');
INSERT INTO `sys_role_permission` VALUES ('1', '75');
INSERT INTO `sys_role_permission` VALUES ('1', '76');
INSERT INTO `sys_role_permission` VALUES ('1', '77');
INSERT INTO `sys_role_permission` VALUES ('1', '78');
INSERT INTO `sys_role_permission` VALUES ('1', '79');
INSERT INTO `sys_role_permission` VALUES ('1', '81');
INSERT INTO `sys_role_permission` VALUES ('1', '82');
INSERT INTO `sys_role_permission` VALUES ('1', '83');
INSERT INTO `sys_role_permission` VALUES ('1', '84');
INSERT INTO `sys_role_permission` VALUES ('1', '86');
INSERT INTO `sys_role_permission` VALUES ('1', '91');
INSERT INTO `sys_role_permission` VALUES ('1', '92');
INSERT INTO `sys_role_permission` VALUES ('4', '1');
INSERT INTO `sys_role_permission` VALUES ('4', '2');
INSERT INTO `sys_role_permission` VALUES ('4', '5');
INSERT INTO `sys_role_permission` VALUES ('4', '6');
INSERT INTO `sys_role_permission` VALUES ('4', '7');
INSERT INTO `sys_role_permission` VALUES ('4', '8');
INSERT INTO `sys_role_permission` VALUES ('4', '9');
INSERT INTO `sys_role_permission` VALUES ('4', '14');
INSERT INTO `sys_role_permission` VALUES ('4', '15');
INSERT INTO `sys_role_permission` VALUES ('4', '16');
INSERT INTO `sys_role_permission` VALUES ('4', '17');
INSERT INTO `sys_role_permission` VALUES ('4', '18');
INSERT INTO `sys_role_permission` VALUES ('4', '21');
INSERT INTO `sys_role_permission` VALUES ('4', '22');
INSERT INTO `sys_role_permission` VALUES ('4', '23');
INSERT INTO `sys_role_permission` VALUES ('4', '30');
INSERT INTO `sys_role_permission` VALUES ('4', '31');
INSERT INTO `sys_role_permission` VALUES ('4', '32');
INSERT INTO `sys_role_permission` VALUES ('4', '34');
INSERT INTO `sys_role_permission` VALUES ('4', '35');
INSERT INTO `sys_role_permission` VALUES ('4', '36');
INSERT INTO `sys_role_permission` VALUES ('4', '38');
INSERT INTO `sys_role_permission` VALUES ('4', '39');
INSERT INTO `sys_role_permission` VALUES ('4', '40');
INSERT INTO `sys_role_permission` VALUES ('4', '42');
INSERT INTO `sys_role_permission` VALUES ('4', '43');
INSERT INTO `sys_role_permission` VALUES ('4', '44');
INSERT INTO `sys_role_permission` VALUES ('4', '46');
INSERT INTO `sys_role_permission` VALUES ('4', '47');
INSERT INTO `sys_role_permission` VALUES ('4', '48');
INSERT INTO `sys_role_permission` VALUES ('4', '49');
INSERT INTO `sys_role_permission` VALUES ('4', '51');
INSERT INTO `sys_role_permission` VALUES ('4', '52');
INSERT INTO `sys_role_permission` VALUES ('4', '53');
INSERT INTO `sys_role_permission` VALUES ('4', '54');
INSERT INTO `sys_role_permission` VALUES ('4', '55');
INSERT INTO `sys_role_permission` VALUES ('4', '56');
INSERT INTO `sys_role_permission` VALUES ('4', '57');
INSERT INTO `sys_role_permission` VALUES ('4', '68');
INSERT INTO `sys_role_permission` VALUES ('4', '69');
INSERT INTO `sys_role_permission` VALUES ('4', '70');
INSERT INTO `sys_role_permission` VALUES ('4', '71');
INSERT INTO `sys_role_permission` VALUES ('4', '73');
INSERT INTO `sys_role_permission` VALUES ('4', '74');
INSERT INTO `sys_role_permission` VALUES ('4', '75');
INSERT INTO `sys_role_permission` VALUES ('4', '76');
INSERT INTO `sys_role_permission` VALUES ('4', '77');
INSERT INTO `sys_role_permission` VALUES ('4', '78');
INSERT INTO `sys_role_permission` VALUES ('4', '79');
INSERT INTO `sys_role_permission` VALUES ('4', '81');
INSERT INTO `sys_role_permission` VALUES ('4', '82');
INSERT INTO `sys_role_permission` VALUES ('4', '83');
INSERT INTO `sys_role_permission` VALUES ('4', '84');
INSERT INTO `sys_role_permission` VALUES ('4', '86');
INSERT INTO `sys_role_permission` VALUES ('4', '91');
INSERT INTO `sys_role_permission` VALUES ('4', '92');
INSERT INTO `sys_role_permission` VALUES ('5', '1');
INSERT INTO `sys_role_permission` VALUES ('5', '5');
INSERT INTO `sys_role_permission` VALUES ('5', '6');
INSERT INTO `sys_role_permission` VALUES ('5', '14');
INSERT INTO `sys_role_permission` VALUES ('5', '15');
INSERT INTO `sys_role_permission` VALUES ('5', '16');
INSERT INTO `sys_role_permission` VALUES ('5', '17');
INSERT INTO `sys_role_permission` VALUES ('5', '18');
INSERT INTO `sys_role_permission` VALUES ('5', '21');
INSERT INTO `sys_role_permission` VALUES ('5', '22');
INSERT INTO `sys_role_permission` VALUES ('5', '23');
INSERT INTO `sys_role_permission` VALUES ('5', '30');
INSERT INTO `sys_role_permission` VALUES ('5', '31');
INSERT INTO `sys_role_permission` VALUES ('5', '32');
INSERT INTO `sys_role_permission` VALUES ('5', '34');
INSERT INTO `sys_role_permission` VALUES ('5', '35');
INSERT INTO `sys_role_permission` VALUES ('5', '36');
INSERT INTO `sys_role_permission` VALUES ('5', '38');
INSERT INTO `sys_role_permission` VALUES ('5', '39');
INSERT INTO `sys_role_permission` VALUES ('5', '40');
INSERT INTO `sys_role_permission` VALUES ('5', '42');
INSERT INTO `sys_role_permission` VALUES ('5', '43');
INSERT INTO `sys_role_permission` VALUES ('5', '44');
INSERT INTO `sys_role_permission` VALUES ('5', '46');
INSERT INTO `sys_role_permission` VALUES ('5', '47');
INSERT INTO `sys_role_permission` VALUES ('5', '48');
INSERT INTO `sys_role_permission` VALUES ('5', '49');
INSERT INTO `sys_role_permission` VALUES ('5', '51');
INSERT INTO `sys_role_permission` VALUES ('5', '52');
INSERT INTO `sys_role_permission` VALUES ('5', '53');
INSERT INTO `sys_role_permission` VALUES ('5', '54');
INSERT INTO `sys_role_permission` VALUES ('5', '55');
INSERT INTO `sys_role_permission` VALUES ('5', '56');
INSERT INTO `sys_role_permission` VALUES ('5', '57');
INSERT INTO `sys_role_permission` VALUES ('5', '73');
INSERT INTO `sys_role_permission` VALUES ('5', '74');
INSERT INTO `sys_role_permission` VALUES ('5', '75');
INSERT INTO `sys_role_permission` VALUES ('5', '76');
INSERT INTO `sys_role_permission` VALUES ('5', '77');
INSERT INTO `sys_role_permission` VALUES ('5', '78');
INSERT INTO `sys_role_permission` VALUES ('5', '79');
INSERT INTO `sys_role_permission` VALUES ('5', '86');
INSERT INTO `sys_role_permission` VALUES ('6', '1');
INSERT INTO `sys_role_permission` VALUES ('6', '4');
INSERT INTO `sys_role_permission` VALUES ('6', '6');
INSERT INTO `sys_role_permission` VALUES ('6', '12');
INSERT INTO `sys_role_permission` VALUES ('6', '13');
INSERT INTO `sys_role_permission` VALUES ('6', '21');
INSERT INTO `sys_role_permission` VALUES ('6', '22');
INSERT INTO `sys_role_permission` VALUES ('6', '23');
INSERT INTO `sys_role_permission` VALUES ('6', '73');
INSERT INTO `sys_role_permission` VALUES ('6', '74');
INSERT INTO `sys_role_permission` VALUES ('6', '75');
INSERT INTO `sys_role_permission` VALUES ('6', '76');
INSERT INTO `sys_role_permission` VALUES ('6', '77');
INSERT INTO `sys_role_permission` VALUES ('6', '78');
INSERT INTO `sys_role_permission` VALUES ('6', '79');
INSERT INTO `sys_role_permission` VALUES ('6', '86');
INSERT INTO `sys_role_permission` VALUES ('7', '1');
INSERT INTO `sys_role_permission` VALUES ('7', '5');
INSERT INTO `sys_role_permission` VALUES ('7', '6');
INSERT INTO `sys_role_permission` VALUES ('7', '14');
INSERT INTO `sys_role_permission` VALUES ('7', '15');
INSERT INTO `sys_role_permission` VALUES ('7', '16');
INSERT INTO `sys_role_permission` VALUES ('7', '17');
INSERT INTO `sys_role_permission` VALUES ('7', '18');
INSERT INTO `sys_role_permission` VALUES ('7', '21');
INSERT INTO `sys_role_permission` VALUES ('7', '31');
INSERT INTO `sys_role_permission` VALUES ('7', '32');
INSERT INTO `sys_role_permission` VALUES ('7', '36');
INSERT INTO `sys_role_permission` VALUES ('7', '39');
INSERT INTO `sys_role_permission` VALUES ('7', '43');
INSERT INTO `sys_role_permission` VALUES ('7', '52');
INSERT INTO `sys_role_permission` VALUES ('7', '53');
INSERT INTO `sys_role_permission` VALUES ('7', '74');
INSERT INTO `sys_role_permission` VALUES ('7', '75');
INSERT INTO `sys_role_permission` VALUES ('8', '1');
INSERT INTO `sys_role_permission` VALUES ('8', '99');
INSERT INTO `sys_role_permission` VALUES ('8', '100');
INSERT INTO `sys_role_permission` VALUES ('8', '101');
INSERT INTO `sys_role_permission` VALUES ('9', '1');
INSERT INTO `sys_role_permission` VALUES ('9', '102');
INSERT INTO `sys_role_permission` VALUES ('9', '103');
INSERT INTO `sys_role_permission` VALUES ('9', '104');
INSERT INTO `sys_role_permission` VALUES ('9', '105');

-- ----------------------------
-- Table structure for sys_role_user
-- ----------------------------
DROP TABLE IF EXISTS `sys_role_user`;
CREATE TABLE `sys_role_user` (
  `rid` int(11) NOT NULL,
  `uid` int(11) NOT NULL,
  PRIMARY KEY (`uid`,`rid`) USING BTREE,
  KEY `FK_203gdpkwgtow7nxlo2oap5jru` (`rid`) USING BTREE,
  CONSTRAINT `sys_role_user_ibfk_1` FOREIGN KEY (`rid`) REFERENCES `sys_role` (`id`),
  CONSTRAINT `sys_role_user_ibfk_2` FOREIGN KEY (`uid`) REFERENCES `sys_user` (`id`)
) ENGINE=InnoDB DEFAULT CHARSET=utf8 ROW_FORMAT=DYNAMIC;

-- ----------------------------
-- Records of sys_role_user
-- ----------------------------
INSERT INTO `sys_role_user` VALUES ('1', '2');
INSERT INTO `sys_role_user` VALUES ('4', '3');
INSERT INTO `sys_role_user` VALUES ('4', '5');
INSERT INTO `sys_role_user` VALUES ('5', '4');
INSERT INTO `sys_role_user` VALUES ('5', '6');
INSERT INTO `sys_role_user` VALUES ('8', '2');
INSERT INTO `sys_role_user` VALUES ('8', '3');
INSERT INTO `sys_role_user` VALUES ('8', '4');
INSERT INTO `sys_role_user` VALUES ('8', '5');
INSERT INTO `sys_role_user` VALUES ('8', '6');
INSERT INTO `sys_role_user` VALUES ('9', '2');
INSERT INTO `sys_role_user` VALUES ('9', '3');
INSERT INTO `sys_role_user` VALUES ('9', '4');
INSERT INTO `sys_role_user` VALUES ('9', '5');
INSERT INTO `sys_role_user` VALUES ('9', '6');

-- ----------------------------
-- Table structure for sys_user
-- ----------------------------
DROP TABLE IF EXISTS `sys_user`;
CREATE TABLE `sys_user` (
  `id` int(11) NOT NULL AUTO_INCREMENT,
  `name` varchar(255) DEFAULT NULL,
  `loginname` varchar(255) DEFAULT NULL,
  `address` varchar(255) DEFAULT NULL,
  `sex` int(11) DEFAULT NULL,
  `remark` varchar(255) DEFAULT NULL,
  `pwd` varchar(255) DEFAULT NULL,
  `deptid` int(11) DEFAULT NULL,
  `hiredate` datetime DEFAULT NULL,
  `mgr` int(11) DEFAULT NULL,
  `available` int(11) DEFAULT '1',
  `ordernum` int(11) DEFAULT NULL,
  `type` int(255) DEFAULT NULL COMMENT '用户类型[0超级管理员1，管理员，2普通用户]',
  `imgpath` varchar(255) DEFAULT NULL COMMENT '头像地址',
  `salt` varchar(255) DEFAULT NULL,
  PRIMARY KEY (`id`) USING BTREE,
  KEY `FK_3rrcpvho2w1mx1sfiuuyir1h` (`deptid`) USING BTREE,
  CONSTRAINT `sys_user_ibfk_1` FOREIGN KEY (`deptid`) REFERENCES `sys_dept` (`id`)
) ENGINE=InnoDB AUTO_INCREMENT=7 DEFAULT CHARSET=utf8 ROW_FORMAT=DYNAMIC;

-- ----------------------------
-- Records of sys_user
-- ----------------------------
INSERT INTO `sys_user` VALUES ('1', '超级管理员', 'system', '系统深处的女人', '1', '超级管理员', '8f1bb89098788abc753cabe8bc96575e', '1', '2018-06-25 11:06:34', null, '1', '1', '0', '/resources/images/D6FB6652C8B449329239094E011A415F.jpg', '76AC54E118834D8791AFA9BBA15DA379');
INSERT INTO `sys_user` VALUES ('2', '李四', 'ls', '武汉', '0', 'KING', 'b07b848d69e0553b80e601d31571797e', '1', '2018-06-25 11:06:36', null, '1', '2', '1', '/resources/images/userface2.jpg', 'FC1EE06AE4354D3FBF7FDD15C8FCDA71');
INSERT INTO `sys_user` VALUES ('3', '王五', 'ww', '武汉', '1', '管理员', '3c3f971eae61e097f59d52360323f1c8', '3', '2018-06-25 11:06:38', '2', '1', '3', '1', '/resources/images/userface3.jpg', '3D5F956E053C4E85B7D2681386E235D2');
INSERT INTO `sys_user` VALUES ('4', '赵六', 'zl', '武汉', '1', '程序员', '2e969742a7ea0c7376e9551d578e05dd', '4', '2018-06-25 11:06:40', '3', '1', '4', '1', '/resources/images/userface4.jpg', '6480EE1391E34B0886ACADA501E31145');
INSERT INTO `sys_user` VALUES ('5', '孙七', 'sq', '武汉', '1', '程序员', '47b4c1ad6e4b54dd9387a09cb5a03de1', '2', '2018-06-25 11:06:43', '4', '1', '5', '1', '/resources/images/userface5.jpg', 'FE3476C3E3674E5690C737C269FCBF8E');
INSERT INTO `sys_user` VALUES ('6', '刘八', 'lb', '深圳', '1', '程序员', 'bcee2b05b4b591106829aec69a094806', '4', '2018-08-06 11:21:12', '3', '1', '6', '1', '/resources/images/39148FECA09741BF9AD4FB095E91C113.jpg', 'E6CCF54A09894D998225878BBD139B20');
